Apache Maven 3.9.11 (3e54c93a704957b63ee3494413a2b544fd3d825b)
Maven home: /home/complex/.m2/wrapper/dists/apache-maven-3.9.11/a2d47e15
Java version: 21.0.11, vendor: Debian, runtime: /usr/lib/jvm/java-21-openjdk-amd64
Default locale: en_US, platform encoding: UTF-8
OS name: "linux", version: "6.18.33.2-microsoft-standard-wsl2", arch: "amd64", family: "unix"
[DEBUG] Created new class realm maven.api
[DEBUG] Importing foreign packages into class realm maven.api
[DEBUG]   Imported: javax.annotation.* < plexus.core
[DEBUG]   Imported: javax.annotation.security.* < plexus.core
[DEBUG]   Imported: javax.inject.* < plexus.core
[DEBUG]   Imported: org.apache.maven.* < plexus.core
[DEBUG]   Imported: org.apache.maven.artifact < plexus.core
[DEBUG]   Imported: org.apache.maven.classrealm < plexus.core
[DEBUG]   Imported: org.apache.maven.cli < plexus.core
[DEBUG]   Imported: org.apache.maven.configuration < plexus.core
[DEBUG]   Imported: org.apache.maven.exception < plexus.core
[DEBUG]   Imported: org.apache.maven.execution < plexus.core
[DEBUG]   Imported: org.apache.maven.execution.scope < plexus.core
[DEBUG]   Imported: org.apache.maven.graph < plexus.core
[DEBUG]   Imported: org.apache.maven.lifecycle < plexus.core
[DEBUG]   Imported: org.apache.maven.model < plexus.core
[DEBUG]   Imported: org.apache.maven.monitor < plexus.core
[DEBUG]   Imported: org.apache.maven.plugin < plexus.core
[DEBUG]   Imported: org.apache.maven.profiles < plexus.core
[DEBUG]   Imported: org.apache.maven.project < plexus.core
[DEBUG]   Imported: org.apache.maven.reporting < plexus.core
[DEBUG]   Imported: org.apache.maven.repository < plexus.core
[DEBUG]   Imported: org.apache.maven.rtinfo < plexus.core
[DEBUG]   Imported: org.apache.maven.settings < plexus.core
[DEBUG]   Imported: org.apache.maven.toolchain < plexus.core
[DEBUG]   Imported: org.apache.maven.usability < plexus.core
[DEBUG]   Imported: org.apache.maven.wagon.* < plexus.core
[DEBUG]   Imported: org.apache.maven.wagon.authentication < plexus.core
[DEBUG]   Imported: org.apache.maven.wagon.authorization < plexus.core
[DEBUG]   Imported: org.apache.maven.wagon.events < plexus.core
[DEBUG]   Imported: org.apache.maven.wagon.observers < plexus.core
[DEBUG]   Imported: org.apache.maven.wagon.proxy < plexus.core
[DEBUG]   Imported: org.apache.maven.wagon.repository < plexus.core
[DEBUG]   Imported: org.apache.maven.wagon.resource < plexus.core
[DEBUG]   Imported: org.codehaus.classworlds < plexus.core
[DEBUG]   Imported: org.codehaus.plexus.* < plexus.core
[DEBUG]   Imported: org.codehaus.plexus.classworlds < plexus.core
[DEBUG]   Imported: org.codehaus.plexus.component < plexus.core
[DEBUG]   Imported: org.codehaus.plexus.configuration < plexus.core
[DEBUG]   Imported: org.codehaus.plexus.container < plexus.core
[DEBUG]   Imported: org.codehaus.plexus.context < plexus.core
[DEBUG]   Imported: org.codehaus.plexus.lifecycle < plexus.core
[DEBUG]   Imported: org.codehaus.plexus.logging < plexus.core
[DEBUG]   Imported: org.codehaus.plexus.personality < plexus.core
[DEBUG]   Imported: org.codehaus.plexus.util.xml.Xpp3Dom < plexus.core
[DEBUG]   Imported: org.codehaus.plexus.util.xml.pull.XmlPullParser < plexus.core
[DEBUG]   Imported: org.codehaus.plexus.util.xml.pull.XmlPullParserException < plexus.core
[DEBUG]   Imported: org.codehaus.plexus.util.xml.pull.XmlSerializer < plexus.core
[DEBUG]   Imported: org.eclipse.aether.* < plexus.core
[DEBUG]   Imported: org.eclipse.aether.artifact < plexus.core
[DEBUG]   Imported: org.eclipse.aether.collection < plexus.core
[DEBUG]   Imported: org.eclipse.aether.deployment < plexus.core
[DEBUG]   Imported: org.eclipse.aether.graph < plexus.core
[DEBUG]   Imported: org.eclipse.aether.impl < plexus.core
[DEBUG]   Imported: org.eclipse.aether.installation < plexus.core
[DEBUG]   Imported: org.eclipse.aether.internal.impl < plexus.core
[DEBUG]   Imported: org.eclipse.aether.metadata < plexus.core
[DEBUG]   Imported: org.eclipse.aether.repository < plexus.core
[DEBUG]   Imported: org.eclipse.aether.resolution < plexus.core
[DEBUG]   Imported: org.eclipse.aether.spi < plexus.core
[DEBUG]   Imported: org.eclipse.aether.transfer < plexus.core
[DEBUG]   Imported: org.eclipse.aether.util < plexus.core
[DEBUG]   Imported: org.eclipse.aether.version < plexus.core
[DEBUG]   Imported: org.fusesource.jansi.* < plexus.core
[DEBUG]   Imported: org.slf4j.* < plexus.core
[DEBUG]   Imported: org.slf4j.event.* < plexus.core
[DEBUG]   Imported: org.slf4j.helpers.* < plexus.core
[DEBUG]   Imported: org.slf4j.spi.* < plexus.core
[DEBUG] Populating class realm maven.api
[DEBUG] Created adapter factory; available factories [file-lock, rwlock-local, semaphore-local, noop]; available name mappers [discriminating, file-gav, file-hgav, file-static, gav, static]
[INFO] Error stacktraces are turned on.
[DEBUG] Message scheme: color
[DEBUG] Message styles: debug info warning error success failure strong mojo project
[DEBUG] Reading global settings from /home/complex/.m2/wrapper/dists/apache-maven-3.9.11/a2d47e15/conf/settings.xml
[DEBUG] Reading user settings from /home/complex/.m2/settings.xml
[DEBUG] Reading global toolchains from /home/complex/.m2/wrapper/dists/apache-maven-3.9.11/a2d47e15/conf/toolchains.xml
[DEBUG] Reading user toolchains from /home/complex/.m2/toolchains.xml
[DEBUG] Using local repository at /home/complex/.m2/repository
[DEBUG] Using manager EnhancedLocalRepositoryManager with priority 10.0 for /home/complex/.m2/repository
[INFO] Scanning for projects...
[DEBUG] Creating adapter using nameMapper 'gav' and factory 'rwlock-local'
[DEBUG] Extension realms for project com.complex:auction:jar:0.0.1-SNAPSHOT: (none)
[DEBUG] Looking up lifecycle mappings for packaging jar from ClassRealm[plexus.core, parent: null]
[DEBUG] Extension realms for project org.springframework.boot:spring-boot-starter-parent:pom:3.5.5: (none)
[DEBUG] Looking up lifecycle mappings for packaging pom from ClassRealm[plexus.core, parent: null]
[DEBUG] Extension realms for project org.springframework.boot:spring-boot-dependencies:pom:3.5.5: (none)
[DEBUG] Looking up lifecycle mappings for packaging pom from ClassRealm[plexus.core, parent: null]
[DEBUG] === REACTOR BUILD PLAN ================================================
[DEBUG] Project: com.complex:auction:jar:0.0.1-SNAPSHOT
[DEBUG] Tasks:   [test]
[DEBUG] Style:   Regular
[DEBUG] =======================================================================
[INFO] 
[INFO] ------------------------< com.complex:auction >-------------------------
[INFO] Building backend 0.0.1-SNAPSHOT
[INFO]   from pom.xml
[INFO] --------------------------------[ jar ]---------------------------------
[DEBUG] Lifecycle clean -> [pre-clean, clean, post-clean]
[DEBUG] Lifecycle default -> [validate, initialize, generate-sources, process-sources, generate-resources, process-resources, compile, process-classes, generate-test-sources, process-test-sources, generate-test-resources, process-test-resources, test-compile, process-test-classes, test, prepare-package, package, pre-integration-test, integration-test, post-integration-test, verify, install, deploy]
[DEBUG] Lifecycle site -> [pre-site, site, post-site, site-deploy]
[DEBUG] Lifecycle clean -> [pre-clean, clean, post-clean]
[DEBUG] Lifecycle default -> [validate, initialize, generate-sources, process-sources, generate-resources, process-resources, compile, process-classes, generate-test-sources, process-test-sources, generate-test-resources, process-test-resources, test-compile, process-test-classes, test, prepare-package, package, pre-integration-test, integration-test, post-integration-test, verify, install, deploy]
[DEBUG] Lifecycle site -> [pre-site, site, post-site, site-deploy]
[DEBUG] Lifecycle clean -> [pre-clean, clean, post-clean]
[DEBUG] Lifecycle default -> [validate, initialize, generate-sources, process-sources, generate-resources, process-resources, compile, process-classes, generate-test-sources, process-test-sources, generate-test-resources, process-test-resources, test-compile, process-test-classes, test, prepare-package, package, pre-integration-test, integration-test, post-integration-test, verify, install, deploy]
[DEBUG] Lifecycle site -> [pre-site, site, post-site, site-deploy]
[DEBUG] Lifecycle clean -> [pre-clean, clean, post-clean]
[DEBUG] Lifecycle default -> [validate, initialize, generate-sources, process-sources, generate-resources, process-resources, compile, process-classes, generate-test-sources, process-test-sources, generate-test-resources, process-test-resources, test-compile, process-test-classes, test, prepare-package, package, pre-integration-test, integration-test, post-integration-test, verify, install, deploy]
[DEBUG] Lifecycle site -> [pre-site, site, post-site, site-deploy]
[DEBUG] Lifecycle clean -> [pre-clean, clean, post-clean]
[DEBUG] Lifecycle default -> [validate, initialize, generate-sources, process-sources, generate-resources, process-resources, compile, process-classes, generate-test-sources, process-test-sources, generate-test-resources, process-test-resources, test-compile, process-test-classes, test, prepare-package, package, pre-integration-test, integration-test, post-integration-test, verify, install, deploy]
[DEBUG] Lifecycle site -> [pre-site, site, post-site, site-deploy]
[DEBUG] Lifecycle clean -> [pre-clean, clean, post-clean]
[DEBUG] Lifecycle default -> [validate, initialize, generate-sources, process-sources, generate-resources, process-resources, compile, process-classes, generate-test-sources, process-test-sources, generate-test-resources, process-test-resources, test-compile, process-test-classes, test, prepare-package, package, pre-integration-test, integration-test, post-integration-test, verify, install, deploy]
[DEBUG] Lifecycle site -> [pre-site, site, post-site, site-deploy]
[DEBUG] === PROJECT BUILD PLAN ================================================
[DEBUG] Project:       com.complex:auction:0.0.1-SNAPSHOT
[DEBUG] Dependencies (collect): []
[DEBUG] Dependencies (resolve): [compile, test]
[DEBUG] Repositories (dependencies): [central (https://repo.maven.apache.org/maven2, default, releases)]
[DEBUG] Repositories (plugins)     : [central (https://repo.maven.apache.org/maven2, default, releases)]
[DEBUG] -----------------------------------------------------------------------
[DEBUG] Goal:          org.apache.maven.plugins:maven-resources-plugin:3.3.1:resources (default-resources)
[DEBUG] Style:         Regular
[DEBUG] Configuration: <?xml version="1.0" encoding="UTF-8"?>
<configuration>
  <addDefaultExcludes default-value="true"/>
  <buildFilters default-value="${project.build.filters}"/>
  <delimiters>
    <delimiter>@</delimiter>
  </delimiters>
  <encoding default-value="${project.build.sourceEncoding}"/>
  <escapeWindowsPaths default-value="true"/>
  <fileNameFiltering default-value="false"/>
  <includeEmptyDirs default-value="false"/>
  <outputDirectory default-value="${project.build.outputDirectory}"/>
  <overwrite default-value="false"/>
  <project default-value="${project}"/>
  <propertiesEncoding>UTF-8</propertiesEncoding>
  <resources default-value="${project.resources}"/>
  <session default-value="${session}"/>
  <skip default-value="false">${maven.resources.skip}</skip>
  <supportMultiLineFiltering default-value="false"/>
  <useBuildFilters default-value="true"/>
  <useDefaultDelimiters default-value="true">false</useDefaultDelimiters>
</configuration>
[DEBUG] -----------------------------------------------------------------------
[DEBUG] Goal:          org.apache.maven.plugins:maven-compiler-plugin:3.14.0:compile (default-compile)
[DEBUG] Style:         Regular
[DEBUG] Configuration: <?xml version="1.0" encoding="UTF-8"?>
<configuration>
  <annotationProcessorPathsUseDepMgmt default-value="false"/>
  <basedir default-value="${basedir}"/>
  <buildDirectory default-value="${project.build.directory}"/>
  <compilePath default-value="${project.compileClasspathElements}"/>
  <compileSourceRoots default-value="${project.compileSourceRoots}"/>
  <compilerId default-value="javac">${maven.compiler.compilerId}</compilerId>
  <compilerReuseStrategy default-value="${reuseCreated}">${maven.compiler.compilerReuseStrategy}</compilerReuseStrategy>
  <compilerVersion>${maven.compiler.compilerVersion}</compilerVersion>
  <createMissingPackageInfoClass default-value="true">${maven.compiler.createMissingPackageInfoClass}</createMissingPackageInfoClass>
  <debug default-value="true">${maven.compiler.debug}</debug>
  <debugFileName default-value="javac"/>
  <debuglevel>${maven.compiler.debuglevel}</debuglevel>
  <enablePreview default-value="false">${maven.compiler.enablePreview}</enablePreview>
  <encoding default-value="${project.build.sourceEncoding}">${encoding}</encoding>
  <executable>${maven.compiler.executable}</executable>
  <failOnError default-value="true">${maven.compiler.failOnError}</failOnError>
  <failOnWarning default-value="false">${maven.compiler.failOnWarning}</failOnWarning>
  <fileExtensions default-value="class,jar"/>
  <forceJavacCompilerUse default-value="false">${maven.compiler.forceJavacCompilerUse}</forceJavacCompilerUse>
  <forceLegacyJavacApi default-value="false">${maven.compiler.forceLegacyJavacApi}</forceLegacyJavacApi>
  <fork default-value="false">${maven.compiler.fork}</fork>
  <generatedSourcesDirectory default-value="${project.build.directory}/generated-sources/annotations"/>
  <implicit>${maven.compiler.implicit}</implicit>
  <maxmem>${maven.compiler.maxmem}</maxmem>
  <meminitial>${maven.compiler.meminitial}</meminitial>
  <moduleVersion default-value="${project.version}">${maven.compiler.moduleVersion}</moduleVersion>
  <mojoExecution default-value="${mojoExecution}"/>
  <optimize default-value="false">${maven.compiler.optimize}</optimize>
  <outputDirectory default-value="${project.build.outputDirectory}">${maven.compiler.outputDirectory}</outputDirectory>
  <outputTimestamp default-value="${project.build.outputTimestamp}"/>
  <parameters default-value="false">true</parameters>
  <proc>${maven.compiler.proc}</proc>
  <project default-value="${project}"/>
  <projectArtifact default-value="${project.artifact}"/>
  <release>${maven.compiler.release}</release>
  <session default-value="${session}"/>
  <showCompilationChanges default-value="false">${maven.compiler.showCompilationChanges}</showCompilationChanges>
  <showDeprecation default-value="false">${maven.compiler.showDeprecation}</showDeprecation>
  <showWarnings default-value="true">${maven.compiler.showWarnings}</showWarnings>
  <skipMain>${maven.main.skip}</skipMain>
  <skipMultiThreadWarning default-value="false">${maven.compiler.skipMultiThreadWarning}</skipMultiThreadWarning>
  <source default-value="1.8">${maven.compiler.source}</source>
  <staleMillis default-value="0">${lastModGranularityMs}</staleMillis>
  <target default-value="1.8">${maven.compiler.target}</target>
  <useIncrementalCompilation default-value="true">${maven.compiler.useIncrementalCompilation}</useIncrementalCompilation>
  <verbose default-value="false">${maven.compiler.verbose}</verbose>
</configuration>
[DEBUG] -----------------------------------------------------------------------
[DEBUG] Goal:          org.apache.maven.plugins:maven-resources-plugin:3.3.1:testResources (default-testResources)
[DEBUG] Style:         Regular
[DEBUG] Configuration: <?xml version="1.0" encoding="UTF-8"?>
<configuration>
  <addDefaultExcludes default-value="true"/>
  <buildFilters default-value="${project.build.filters}"/>
  <delimiters>
    <delimiter>@</delimiter>
  </delimiters>
  <encoding default-value="${project.build.sourceEncoding}"/>
  <escapeWindowsPaths default-value="true"/>
  <fileNameFiltering default-value="false"/>
  <includeEmptyDirs default-value="false"/>
  <outputDirectory default-value="${project.build.testOutputDirectory}"/>
  <overwrite default-value="false"/>
  <project default-value="${project}"/>
  <propertiesEncoding>UTF-8</propertiesEncoding>
  <resources default-value="${project.testResources}"/>
  <session default-value="${session}"/>
  <skip default-value="false">${maven.test.skip}</skip>
  <supportMultiLineFiltering default-value="false"/>
  <useBuildFilters default-value="true"/>
  <useDefaultDelimiters default-value="true">false</useDefaultDelimiters>
</configuration>
[DEBUG] -----------------------------------------------------------------------
[DEBUG] Goal:          org.apache.maven.plugins:maven-compiler-plugin:3.14.0:testCompile (default-testCompile)
[DEBUG] Style:         Regular
[DEBUG] Configuration: <?xml version="1.0" encoding="UTF-8"?>
<configuration>
  <annotationProcessorPathsUseDepMgmt default-value="false"/>
  <basedir default-value="${basedir}"/>
  <buildDirectory default-value="${project.build.directory}"/>
  <compileSourceRoots default-value="${project.testCompileSourceRoots}"/>
  <compilerId default-value="javac">${maven.compiler.compilerId}</compilerId>
  <compilerReuseStrategy default-value="${reuseCreated}">${maven.compiler.compilerReuseStrategy}</compilerReuseStrategy>
  <compilerVersion>${maven.compiler.compilerVersion}</compilerVersion>
  <createMissingPackageInfoClass default-value="true">${maven.compiler.createMissingPackageInfoClass}</createMissingPackageInfoClass>
  <debug default-value="true">${maven.compiler.debug}</debug>
  <debugFileName default-value="javac-test"/>
  <debuglevel>${maven.compiler.debuglevel}</debuglevel>
  <enablePreview default-value="false">${maven.compiler.enablePreview}</enablePreview>
  <encoding default-value="${project.build.sourceEncoding}">${encoding}</encoding>
  <executable>${maven.compiler.executable}</executable>
  <failOnError default-value="true">${maven.compiler.failOnError}</failOnError>
  <failOnWarning default-value="false">${maven.compiler.failOnWarning}</failOnWarning>
  <fileExtensions default-value="class,jar"/>
  <forceJavacCompilerUse default-value="false">${maven.compiler.forceJavacCompilerUse}</forceJavacCompilerUse>
  <forceLegacyJavacApi default-value="false">${maven.compiler.forceLegacyJavacApi}</forceLegacyJavacApi>
  <fork default-value="false">${maven.compiler.fork}</fork>
  <generatedTestSourcesDirectory default-value="${project.build.directory}/generated-test-sources/test-annotations"/>
  <implicit>${maven.compiler.implicit}</implicit>
  <maxmem>${maven.compiler.maxmem}</maxmem>
  <meminitial>${maven.compiler.meminitial}</meminitial>
  <mojoExecution default-value="${mojoExecution}"/>
  <optimize default-value="false">${maven.compiler.optimize}</optimize>
  <outputDirectory default-value="${project.build.testOutputDirectory}"/>
  <outputTimestamp default-value="${project.build.outputTimestamp}"/>
  <parameters default-value="false">true</parameters>
  <proc>${maven.compiler.proc}</proc>
  <project default-value="${project}"/>
  <release>${maven.compiler.release}</release>
  <session default-value="${session}"/>
  <showCompilationChanges default-value="false">${maven.compiler.showCompilationChanges}</showCompilationChanges>
  <showDeprecation default-value="false">${maven.compiler.showDeprecation}</showDeprecation>
  <showWarnings default-value="true">${maven.compiler.showWarnings}</showWarnings>
  <skip>${maven.test.skip}</skip>
  <skipMultiThreadWarning default-value="false">${maven.compiler.skipMultiThreadWarning}</skipMultiThreadWarning>
  <source default-value="1.8">${maven.compiler.source}</source>
  <staleMillis default-value="0">${lastModGranularityMs}</staleMillis>
  <target default-value="1.8">${maven.compiler.target}</target>
  <testPath default-value="${project.testClasspathElements}"/>
  <testRelease>${maven.compiler.testRelease}</testRelease>
  <testSource>${maven.compiler.testSource}</testSource>
  <testTarget>${maven.compiler.testTarget}</testTarget>
  <useIncrementalCompilation default-value="true">${maven.compiler.useIncrementalCompilation}</useIncrementalCompilation>
  <useModulePath default-value="true"/>
  <verbose default-value="false">${maven.compiler.verbose}</verbose>
</configuration>
[DEBUG] -----------------------------------------------------------------------
[DEBUG] Goal:          org.apache.maven.plugins:maven-surefire-plugin:3.5.3:test (default-test)
[DEBUG] Style:         Regular
[DEBUG] Configuration: <?xml version="1.0" encoding="UTF-8"?>
<configuration>
  <additionalClasspathDependencies>${maven.test.additionalClasspathDependencies}</additionalClasspathDependencies>
  <additionalClasspathElements>${maven.test.additionalClasspath}</additionalClasspathElements>
  <argLine>${argLine}</argLine>
  <basedir default-value="${basedir}"/>
  <childDelegation default-value="false">${childDelegation}</childDelegation>
  <classesDirectory default-value="${project.build.outputDirectory}"/>
  <classpathDependencyExcludes>${maven.test.dependency.excludes}</classpathDependencyExcludes>
  <debugForkedProcess>${maven.surefire.debug}</debugForkedProcess>
  <dependenciesToScan>${dependenciesToScan}</dependenciesToScan>
  <disableXmlReport>${disableXmlReport}</disableXmlReport>
  <enableAssertions default-value="true">${enableAssertions}</enableAssertions>
  <enableOutErrElements default-value="true">${enableOutErrElements}</enableOutErrElements>
  <enableProcessChecker>${surefire.enableProcessChecker}</enableProcessChecker>
  <enablePropertiesElement default-value="true">${enablePropertiesElement}</enablePropertiesElement>
  <encoding default-value="${project.reporting.outputEncoding}">${surefire.encoding}</encoding>
  <excludeJUnit5Engines>${surefire.excludeJUnit5Engines}</excludeJUnit5Engines>
  <excludedEnvironmentVariables>${surefire.excludedEnvironmentVariables}</excludedEnvironmentVariables>
  <excludedGroups>${excludedGroups}</excludedGroups>
  <excludes>${surefire.excludes}</excludes>
  <excludesFile>${surefire.excludesFile}</excludesFile>
  <failIfNoSpecifiedTests default-value="true">${surefire.failIfNoSpecifiedTests}</failIfNoSpecifiedTests>
  <failIfNoTests default-value="false">${failIfNoTests}</failIfNoTests>
  <failOnFlakeCount default-value="0">${surefire.failOnFlakeCount}</failOnFlakeCount>
  <forkCount default-value="1">${forkCount}</forkCount>
  <forkNode>${surefire.forkNode}</forkNode>
  <forkedProcessExitTimeoutInSeconds default-value="30">${surefire.exitTimeout}</forkedProcessExitTimeoutInSeconds>
  <forkedProcessTimeoutInSeconds>${surefire.timeout}</forkedProcessTimeoutInSeconds>
  <groups>${groups}</groups>
  <includeJUnit5Engines>${surefire.includeJUnit5Engines}</includeJUnit5Engines>
  <includes>${surefire.includes}</includes>
  <includesFile>${surefire.includesFile}</includesFile>
  <junitArtifactName default-value="junit:junit">${junitArtifactName}</junitArtifactName>
  <jvm>${jvm}</jvm>
  <objectFactory>${objectFactory}</objectFactory>
  <parallel>${parallel}</parallel>
  <parallelMavenExecution default-value="${session.parallel}"/>
  <parallelOptimized default-value="true">${parallelOptimized}</parallelOptimized>
  <parallelTestsTimeoutForcedInSeconds>${surefire.parallel.forcedTimeout}</parallelTestsTimeoutForcedInSeconds>
  <parallelTestsTimeoutInSeconds>${surefire.parallel.timeout}</parallelTestsTimeoutInSeconds>
  <perCoreThreadCount default-value="true">${perCoreThreadCount}</perCoreThreadCount>
  <pluginArtifactMap>${plugin.artifactMap}</pluginArtifactMap>
  <pluginDescriptor default-value="${plugin}"/>
  <printSummary default-value="true">${surefire.printSummary}</printSummary>
  <project default-value="${project}"/>
  <projectArtifactMap>${project.artifactMap}</projectArtifactMap>
  <projectBuildDirectory default-value="${project.build.directory}"/>
  <promoteUserPropertiesToSystemProperties default-value="true"/>
  <redirectTestOutputToFile default-value="false">${maven.test.redirectTestOutputToFile}</redirectTestOutputToFile>
  <reportFormat default-value="brief">${surefire.reportFormat}</reportFormat>
  <reportNameSuffix default-value="">${surefire.reportNameSuffix}</reportNameSuffix>
  <reportsDirectory default-value="${project.build.directory}/surefire-reports"/>
  <rerunFailingTestsCount default-value="0">${surefire.rerunFailingTestsCount}</rerunFailingTestsCount>
  <reuseForks default-value="true">${reuseForks}</reuseForks>
  <runOrder default-value="filesystem">${surefire.runOrder}</runOrder>
  <runOrderRandomSeed>${surefire.runOrder.random.seed}</runOrderRandomSeed>
  <session default-value="${session}"/>
  <shutdown default-value="exit">${surefire.shutdown}</shutdown>
  <skip default-value="false">${maven.test.skip}</skip>
  <skipAfterFailureCount default-value="0">${surefire.skipAfterFailureCount}</skipAfterFailureCount>
  <skipExec>${maven.test.skip.exec}</skipExec>
  <skipTests default-value="false">${skipTests}</skipTests>
  <suiteXmlFiles>${surefire.suiteXmlFiles}</suiteXmlFiles>
  <systemPropertiesFile>${surefire.systemPropertiesFile}</systemPropertiesFile>
  <tempDir default-value="surefire">${tempDir}</tempDir>
  <test>${test}</test>
  <testClassesDirectory default-value="${project.build.testOutputDirectory}"/>
  <testFailureIgnore default-value="false">${maven.test.failure.ignore}</testFailureIgnore>
  <testNGArtifactName default-value="org.testng:testng">${testNGArtifactName}</testNGArtifactName>
  <testSourceDirectory default-value="${project.build.testSourceDirectory}"/>
  <threadCount>${threadCount}</threadCount>
  <threadCountClasses default-value="0">${threadCountClasses}</threadCountClasses>
  <threadCountMethods default-value="0">${threadCountMethods}</threadCountMethods>
  <threadCountSuites default-value="0">${threadCountSuites}</threadCountSuites>
  <trimStackTrace default-value="false">${trimStackTrace}</trimStackTrace>
  <useFile default-value="true">${surefire.useFile}</useFile>
  <useManifestOnlyJar default-value="true">${surefire.useManifestOnlyJar}</useManifestOnlyJar>
  <useModulePath default-value="true">${surefire.useModulePath}</useModulePath>
  <useSystemClassLoader default-value="true">${surefire.useSystemClassLoader}</useSystemClassLoader>
  <useUnlimitedThreads default-value="false">${useUnlimitedThreads}</useUnlimitedThreads>
  <workingDirectory>${basedir}</workingDirectory>
</configuration>
[DEBUG] =======================================================================
[DEBUG] Using mirror maven-default-http-blocker (http://0.0.0.0/) for vaadin-snapshots (http://oss.sonatype.org/content/repositories/vaadin-snapshots/).
[DEBUG] Using mirror maven-default-http-blocker (http://0.0.0.0/) for vaadin-releases (http://oss.sonatype.org/content/repositories/vaadin-releases/).
[DEBUG] Dependency collection stats {ConflictMarker.analyzeTime=677812, ConflictMarker.markTime=210316, ConflictMarker.nodeCount=238, ConflictIdSorter.graphTime=332616, ConflictIdSorter.topsortTime=178861, ConflictIdSorter.conflictIdCount=115, ConflictIdSorter.conflictIdCycleCount=0, ConflictResolver.totalTime=7074792, ConflictResolver.conflictItemCount=233, DfDependencyCollector.collectTime=294678659, DfDependencyCollector.transformTime=9643573}
[DEBUG] com.complex:auction:jar:0.0.1-SNAPSHOT
[DEBUG]    org.springframework.boot:spring-boot-starter-security:jar:3.5.5:compile
[DEBUG]       org.springframework.boot:spring-boot-starter:jar:3.5.5:compile (version managed from 3.5.5)
[DEBUG]          org.springframework.boot:spring-boot-starter-logging:jar:3.5.5:compile (version managed from 3.5.5)
[DEBUG]             ch.qos.logback:logback-classic:jar:1.5.18:compile (version managed from 1.5.18)
[DEBUG]                ch.qos.logback:logback-core:jar:1.5.18:compile (version managed from 1.5.18)
[DEBUG]             org.apache.logging.log4j:log4j-to-slf4j:jar:2.24.3:compile (version managed from 2.24.3)
[DEBUG]                org.apache.logging.log4j:log4j-api:jar:2.24.3:compile (version managed from 2.24.3)
[DEBUG]             org.slf4j:jul-to-slf4j:jar:2.0.17:compile (version managed from 2.0.17)
[DEBUG]          jakarta.annotation:jakarta.annotation-api:jar:2.1.1:compile (version managed from 2.1.1)
[DEBUG]          org.yaml:snakeyaml:jar:2.4:compile (version managed from 2.4)
[DEBUG]       org.springframework:spring-aop:jar:6.2.10:compile (version managed from 6.2.10)
[DEBUG]          org.springframework:spring-beans:jar:6.2.10:compile (version managed from 6.2.10)
[DEBUG]       org.springframework.security:spring-security-config:jar:6.5.3:compile (version managed from 6.5.3)
[DEBUG]          org.springframework:spring-context:jar:6.2.10:compile (version managed from 6.2.10)
[DEBUG]       org.springframework.security:spring-security-web:jar:6.5.3:compile (version managed from 6.5.3)
[DEBUG]          org.springframework:spring-expression:jar:6.2.10:compile (version managed from 6.2.10)
[DEBUG]    org.springframework.boot:spring-boot-starter-web:jar:3.5.5:compile
[DEBUG]       org.springframework.boot:spring-boot-starter-json:jar:3.5.5:compile (version managed from 3.5.5)
[DEBUG]          com.fasterxml.jackson.datatype:jackson-datatype-jdk8:jar:2.19.2:compile (version managed from 2.19.2)
[DEBUG]          com.fasterxml.jackson.datatype:jackson-datatype-jsr310:jar:2.19.2:compile (version managed from 2.19.2)
[DEBUG]          com.fasterxml.jackson.module:jackson-module-parameter-names:jar:2.19.2:compile (version managed from 2.19.2)
[DEBUG]       org.springframework.boot:spring-boot-starter-tomcat:jar:3.5.5:compile (version managed from 3.5.5)
[DEBUG]          org.apache.tomcat.embed:tomcat-embed-core:jar:10.1.44:compile (version managed from 10.1.44)
[DEBUG]          org.apache.tomcat.embed:tomcat-embed-websocket:jar:10.1.44:compile (version managed from 10.1.44)
[DEBUG]       org.springframework:spring-web:jar:6.2.10:compile (version managed from 6.2.10)
[DEBUG]          io.micrometer:micrometer-observation:jar:1.15.3:compile (version managed from 1.14.10)
[DEBUG]             io.micrometer:micrometer-commons:jar:1.15.3:compile (version managed from 1.15.3)
[DEBUG]       org.springframework:spring-webmvc:jar:6.2.10:compile (version managed from 6.2.10)
[DEBUG]    org.springframework.boot:spring-boot-devtools:jar:3.5.5:runtime (optional)
[DEBUG]       org.springframework.boot:spring-boot:jar:3.5.5:compile (version managed from 3.5.5)
[DEBUG]       org.springframework.boot:spring-boot-autoconfigure:jar:3.5.5:compile (version managed from 3.5.5)
[DEBUG]    org.springframework.boot:spring-boot-starter-test:jar:3.5.5:test
[DEBUG]       org.springframework.boot:spring-boot-test:jar:3.5.5:test (version managed from 3.5.5)
[DEBUG]       org.springframework.boot:spring-boot-test-autoconfigure:jar:3.5.5:test (version managed from 3.5.5)
[DEBUG]       com.jayway.jsonpath:json-path:jar:2.9.0:test (version managed from 2.9.0)
[DEBUG]          org.slf4j:slf4j-api:jar:2.0.17:compile (version managed from 2.0.11)
[DEBUG]       jakarta.xml.bind:jakarta.xml.bind-api:jar:4.0.2:runtime (version managed from 4.0.2)
[DEBUG]          jakarta.activation:jakarta.activation-api:jar:2.1.3:runtime (version managed from 2.1.3)
[DEBUG]       net.minidev:json-smart:jar:2.5.2:test (version managed from 2.5.2)
[DEBUG]          net.minidev:accessors-smart:jar:2.5.2:test
[DEBUG]             org.ow2.asm:asm:jar:9.7.1:test
[DEBUG]       org.assertj:assertj-core:jar:3.27.4:test (version managed from 3.27.4)
[DEBUG]          net.bytebuddy:byte-buddy:jar:1.17.7:runtime (version managed from 1.15.11)
[DEBUG]       org.awaitility:awaitility:jar:4.2.2:test (version managed from 4.2.2)
[DEBUG]       org.hamcrest:hamcrest:jar:3.0:test (version managed from 3.0)
[DEBUG]       org.junit.jupiter:junit-jupiter:jar:5.12.2:test (version managed from 5.12.2)
[DEBUG]          org.junit.jupiter:junit-jupiter-api:jar:5.12.2:test (version managed from 5.12.2)
[DEBUG]             org.opentest4j:opentest4j:jar:1.3.0:test
[DEBUG]             org.junit.platform:junit-platform-commons:jar:1.12.2:test (version managed from 1.12.2)
[DEBUG]             org.apiguardian:apiguardian-api:jar:1.1.2:test
[DEBUG]          org.junit.jupiter:junit-jupiter-params:jar:5.12.2:test (version managed from 5.12.2)
[DEBUG]          org.junit.jupiter:junit-jupiter-engine:jar:5.12.2:test (version managed from 5.12.2)
[DEBUG]             org.junit.platform:junit-platform-engine:jar:1.12.2:test (version managed from 1.12.2)
[DEBUG]       org.mockito:mockito-core:jar:5.17.0:test (version managed from 5.17.0)
[DEBUG]          net.bytebuddy:byte-buddy-agent:jar:1.17.7:test (version managed from 1.15.11)
[DEBUG]          org.objenesis:objenesis:jar:3.3:test
[DEBUG]       org.mockito:mockito-junit-jupiter:jar:5.17.0:test (version managed from 5.17.0)
[DEBUG]       org.skyscreamer:jsonassert:jar:1.5.3:test (version managed from 1.5.3)
[DEBUG]          com.vaadin.external.google:android-json:jar:0.0.20131108.vaadin1:test
[DEBUG]       org.springframework:spring-core:jar:6.2.10:compile (version managed from 6.2.10)
[DEBUG]          org.springframework:spring-jcl:jar:6.2.10:compile (version managed from 6.2.10)
[DEBUG]       org.springframework:spring-test:jar:6.2.10:test (version managed from 6.2.10)
[DEBUG]       org.xmlunit:xmlunit-core:jar:2.10.3:test (version managed from 2.10.3)
[DEBUG]    org.springframework.boot:spring-boot-testcontainers:jar:3.5.5:test
[DEBUG]       org.testcontainers:testcontainers:jar:1.21.3:test (version managed from 1.21.3)
[DEBUG]          junit:junit:jar:4.13.2:test (version managed from 4.13.2)
[DEBUG]             org.hamcrest:hamcrest-core:jar:3.0:test (version managed from 1.3)
[DEBUG]          org.apache.commons:commons-compress:jar:1.24.0:test
[DEBUG]          org.rnorth.duct-tape:duct-tape:jar:1.0.8:test
[DEBUG]             org.jetbrains:annotations:jar:17.0.0:test
[DEBUG]          com.github.docker-java:docker-java-api:jar:3.4.2:test
[DEBUG]          com.github.docker-java:docker-java-transport-zerodep:jar:3.4.2:test
[DEBUG]             com.github.docker-java:docker-java-transport:jar:3.4.2:test
[DEBUG]             net.java.dev.jna:jna:jar:5.13.0:test
[DEBUG]    org.springframework.security:spring-security-test:jar:6.5.3:test
[DEBUG]       org.springframework.security:spring-security-core:jar:6.5.3:compile (version managed from 6.5.3)
[DEBUG]          org.springframework.security:spring-security-crypto:jar:6.5.3:compile (version managed from 6.5.3)
[DEBUG]    org.testcontainers:junit-jupiter:jar:1.21.3:test
[DEBUG]    org.postgresql:postgresql:jar:42.7.7:runtime
[DEBUG]       org.checkerframework:checker-qual:jar:3.49.3:runtime
[DEBUG]    org.springframework.boot:spring-boot-starter-data-jpa:jar:3.5.5:compile
[DEBUG]       org.springframework.boot:spring-boot-starter-jdbc:jar:3.5.5:compile (version managed from 3.5.5)
[DEBUG]          com.zaxxer:HikariCP:jar:6.3.2:compile (version managed from 6.3.2)
[DEBUG]          org.springframework:spring-jdbc:jar:6.2.10:compile (version managed from 6.2.10)
[DEBUG]       org.hibernate.orm:hibernate-core:jar:6.6.26.Final:compile (version managed from 6.6.26.Final)
[DEBUG]          jakarta.persistence:jakarta.persistence-api:jar:3.1.0:compile (version managed from 3.1.0)
[DEBUG]          jakarta.transaction:jakarta.transaction-api:jar:2.0.1:compile (version managed from 2.0.1)
[DEBUG]          org.jboss.logging:jboss-logging:jar:3.6.1.Final:compile (version managed from 3.5.0.Final)
[DEBUG]          org.hibernate.common:hibernate-commons-annotations:jar:7.0.3.Final:runtime
[DEBUG]          io.smallrye:jandex:jar:3.2.0:runtime
[DEBUG]          com.fasterxml:classmate:jar:1.7.0:compile (version managed from 1.5.1)
[DEBUG]          org.glassfish.jaxb:jaxb-runtime:jar:4.0.5:runtime (version managed from 4.0.2)
[DEBUG]             org.glassfish.jaxb:jaxb-core:jar:4.0.5:runtime (version managed from 4.0.5)
[DEBUG]                org.eclipse.angus:angus-activation:jar:2.0.2:runtime (version managed from 2.0.2)
[DEBUG]                org.glassfish.jaxb:txw2:jar:4.0.5:runtime (version managed from 4.0.5)
[DEBUG]                com.sun.istack:istack-commons-runtime:jar:4.1.2:runtime (version managed from 4.1.2)
[DEBUG]          jakarta.inject:jakarta.inject-api:jar:2.0.1:runtime (version managed from 2.0.1)
[DEBUG]          org.antlr:antlr4-runtime:jar:4.13.0:compile
[DEBUG]       org.springframework.data:spring-data-jpa:jar:3.5.3:compile (version managed from 3.5.3)
[DEBUG]          org.springframework.data:spring-data-commons:jar:3.5.3:compile (version managed from 3.5.3)
[DEBUG]          org.springframework:spring-orm:jar:6.2.10:compile (version managed from 6.2.10)
[DEBUG]          org.springframework:spring-tx:jar:6.2.10:compile (version managed from 6.2.10)
[DEBUG]       org.springframework:spring-aspects:jar:6.2.10:compile (version managed from 6.2.10)
[DEBUG]          org.aspectj:aspectjweaver:jar:1.9.24:compile (version managed from 1.9.22.1)
[DEBUG]    org.springframework.boot:spring-boot-starter-validation:jar:3.5.5:compile
[DEBUG]       org.apache.tomcat.embed:tomcat-embed-el:jar:10.1.44:compile (version managed from 10.1.44)
[DEBUG]       org.hibernate.validator:hibernate-validator:jar:8.0.3.Final:compile (version managed from 8.0.3.Final)
[DEBUG]          jakarta.validation:jakarta.validation-api:jar:3.0.2:compile (version managed from 3.0.2)
[DEBUG]    io.jsonwebtoken:jjwt-api:jar:0.12.5:compile
[DEBUG]    io.jsonwebtoken:jjwt-impl:jar:0.12.5:runtime
[DEBUG]    io.jsonwebtoken:jjwt-jackson:jar:0.12.5:runtime
[DEBUG]       com.fasterxml.jackson.core:jackson-databind:jar:2.19.2:compile (version managed from 2.12.7.1)
[DEBUG]          com.fasterxml.jackson.core:jackson-annotations:jar:2.19.2:compile (version managed from 2.19.2)
[DEBUG]          com.fasterxml.jackson.core:jackson-core:jar:2.19.2:compile (version managed from 2.19.2)
[DEBUG]    com.h2database:h2:jar:2.3.232:test
[INFO] 
[INFO] --- resources:3.3.1:resources (default-resources) @ auction ---
[DEBUG] Dependency collection stats {ConflictMarker.analyzeTime=45864, ConflictMarker.markTime=69293, ConflictMarker.nodeCount=13, ConflictIdSorter.graphTime=11454, ConflictIdSorter.topsortTime=10490, ConflictIdSorter.conflictIdCount=9, ConflictIdSorter.conflictIdCycleCount=0, ConflictResolver.totalTime=136968, ConflictResolver.conflictItemCount=13, DfDependencyCollector.collectTime=26004863, DfDependencyCollector.transformTime=291224}
[DEBUG] org.apache.maven.plugins:maven-resources-plugin:jar:3.3.1
[DEBUG]    org.codehaus.plexus:plexus-interpolation:jar:1.26:runtime
[DEBUG]    org.codehaus.plexus:plexus-utils:jar:3.5.1:compile
[DEBUG]    org.apache.maven.shared:maven-filtering:jar:3.3.1:compile
[DEBUG]       javax.inject:javax.inject:jar:1:compile
[DEBUG]       org.slf4j:slf4j-api:jar:1.7.36:compile
[DEBUG]       org.sonatype.plexus:plexus-build-api:jar:0.0.7:compile
[DEBUG]    commons-io:commons-io:jar:2.11.0:compile
[DEBUG]    org.apache.commons:commons-lang3:jar:3.12.0:compile
[DEBUG] Created new class realm plugin>org.apache.maven.plugins:maven-resources-plugin:3.3.1
[DEBUG] Importing foreign packages into class realm plugin>org.apache.maven.plugins:maven-resources-plugin:3.3.1
[DEBUG]   Imported:  < maven.api
[DEBUG] Populating class realm plugin>org.apache.maven.plugins:maven-resources-plugin:3.3.1
[DEBUG]   Included: org.apache.maven.plugins:maven-resources-plugin:jar:3.3.1
[DEBUG]   Included: org.codehaus.plexus:plexus-interpolation:jar:1.26
[DEBUG]   Included: org.codehaus.plexus:plexus-utils:jar:3.5.1
[DEBUG]   Included: org.apache.maven.shared:maven-filtering:jar:3.3.1
[DEBUG]   Included: org.sonatype.plexus:plexus-build-api:jar:0.0.7
[DEBUG]   Included: commons-io:commons-io:jar:2.11.0
[DEBUG]   Included: org.apache.commons:commons-lang3:jar:3.12.0
[DEBUG] Loading mojo org.apache.maven.plugins:maven-resources-plugin:3.3.1:resources from plugin realm ClassRealm[plugin>org.apache.maven.plugins:maven-resources-plugin:3.3.1, parent: jdk.internal.loader.ClassLoaders$AppClassLoader@c387f44]
[DEBUG] Configuring mojo execution 'org.apache.maven.plugins:maven-resources-plugin:3.3.1:resources:default-resources' with basic configurator -->
[DEBUG]   (f) addDefaultExcludes = true
[DEBUG]   (f) buildFilters = []
[DEBUG]   (s) delimiters = [@]
[DEBUG]   (f) encoding = UTF-8
[DEBUG]   (f) escapeWindowsPaths = true
[DEBUG]   (f) fileNameFiltering = false
[DEBUG]   (s) includeEmptyDirs = false
[DEBUG]   (s) outputDirectory = /home/complex/projects/Auction_Project/backend/target/classes
[DEBUG]   (s) overwrite = false
[DEBUG]   (f) project = MavenProject: com.complex:auction:0.0.1-SNAPSHOT @ /home/complex/projects/Auction_Project/backend/pom.xml
[DEBUG]   (f) propertiesEncoding = UTF-8
[DEBUG]   (s) resources = [Resource {targetPath: null, filtering: true, FileSet {directory: /home/complex/projects/Auction_Project/backend/src/main/resources, PatternSet [includes: {**/application*.yml, **/application*.yaml, **/application*.properties}, excludes: {}]}}, Resource {targetPath: null, filtering: false, FileSet {directory: /home/complex/projects/Auction_Project/backend/src/main/resources, PatternSet [includes: {}, excludes: {**/application*.yml, **/application*.yaml, **/application*.properties}]}}]
[DEBUG]   (f) session = org.apache.maven.execution.MavenSession@fc807c1
[DEBUG]   (f) skip = false
[DEBUG]   (f) supportMultiLineFiltering = false
[DEBUG]   (f) useBuildFilters = true
[DEBUG]   (s) useDefaultDelimiters = false
[DEBUG] -- end configuration --
[DEBUG] properties used:
[DEBUG] activemq.version: 6.1.7
[DEBUG] angus-mail.version: 2.0.4
[DEBUG] artemis.version: 2.40.0
[DEBUG] aspectj.version: 1.9.24
[DEBUG] assertj.version: 3.27.4
[DEBUG] awaitility.version: 4.2.2
[DEBUG] brave.version: 6.1.0
[DEBUG] build-helper-maven-plugin.version: 3.6.1
[DEBUG] byte-buddy.version: 1.17.7
[DEBUG] cache2k.version: 2.6.1.Final
[DEBUG] caffeine.version: 3.2.2
[DEBUG] cassandra-driver.version: 4.19.0
[DEBUG] classmate.version: 1.7.0
[DEBUG] classworlds.conf: /home/complex/.m2/wrapper/dists/apache-maven-3.9.11/a2d47e15/bin/m2.conf
[DEBUG] commons-codec.version: 1.18.0
[DEBUG] commons-dbcp2.version: 2.13.0
[DEBUG] commons-lang3.version: 3.17.0
[DEBUG] commons-pool.version: 1.6
[DEBUG] commons-pool2.version: 2.12.1
[DEBUG] couchbase-client.version: 3.8.3
[DEBUG] crac.version: 1.5.0
[DEBUG] cyclonedx-maven-plugin.version: 2.9.1
[DEBUG] db2-jdbc.version: 12.1.2.0
[DEBUG] dependency-management-plugin.version: 1.1.7
[DEBUG] derby.version: 10.16.1.1
[DEBUG] ehcache3.version: 3.10.8
[DEBUG] elasticsearch-client.version: 8.18.5
[DEBUG] env.COLORTERM: truecolor
[DEBUG] env.DBUS_SESSION_BUS_ADDRESS: unix:path=/run/user/1000/bus
[DEBUG] env.DISPLAY: :0
[DEBUG] env.GIT_ASKPASS: /home/complex/.vscode-server/bin/7e7950df89d055b5a378379db9ee14290772148a/extensions/git/dist/askpass.sh
[DEBUG] env.HOME: /home/complex
[DEBUG] env.HOSTTYPE: x86_64
[DEBUG] env.LANG: en_US.UTF-8
[DEBUG] env.LD_LIBRARY_PATH: /usr/local/cuda/lib64:/usr/local/cuda/lib64:
[DEBUG] env.LOGNAME: complex
[DEBUG] env.LS_COLORS: rs=0:di=01;34:ln=01;36:mh=00:pi=40;33:so=01;35:do=01;35:bd=40;33;01:cd=40;33;01:or=40;31;01:mi=00:su=37;41:sg=30;43:ca=00:tw=30;42:ow=34;42:st=37;44:ex=01;32:*.7z=01;31:*.ace=01;31:*.alz=01;31:*.apk=01;31:*.arc=01;31:*.arj=01;31:*.bz=01;31:*.bz2=01;31:*.cab=01;31:*.cpio=01;31:*.crate=01;31:*.deb=01;31:*.drpm=01;31:*.dwm=01;31:*.dz=01;31:*.ear=01;31:*.egg=01;31:*.esd=01;31:*.gz=01;31:*.jar=01;31:*.lha=01;31:*.lrz=01;31:*.lz=01;31:*.lz4=01;31:*.lzh=01;31:*.lzma=01;31:*.lzo=01;31:*.pyz=01;31:*.rar=01;31:*.rpm=01;31:*.rz=01;31:*.sar=01;31:*.swm=01;31:*.t7z=01;31:*.tar=01;31:*.taz=01;31:*.tbz=01;31:*.tbz2=01;31:*.tgz=01;31:*.tlz=01;31:*.txz=01;31:*.tz=01;31:*.tzo=01;31:*.tzst=01;31:*.udeb=01;31:*.war=01;31:*.whl=01;31:*.wim=01;31:*.xz=01;31:*.z=01;31:*.zip=01;31:*.zoo=01;31:*.zst=01;31:*.avif=01;35:*.jpg=01;35:*.jpeg=01;35:*.jxl=01;35:*.mjpg=01;35:*.mjpeg=01;35:*.gif=01;35:*.bmp=01;35:*.pbm=01;35:*.pgm=01;35:*.ppm=01;35:*.tga=01;35:*.xbm=01;35:*.xpm=01;35:*.tif=01;35:*.tiff=01;35:*.png=01;35:*.svg=01;35:*.svgz=01;35:*.mng=01;35:*.pcx=01;35:*.mov=01;35:*.mpg=01;35:*.mpeg=01;35:*.m2v=01;35:*.mkv=01;35:*.webm=01;35:*.webp=01;35:*.ogm=01;35:*.mp4=01;35:*.m4v=01;35:*.mp4v=01;35:*.vob=01;35:*.qt=01;35:*.nuv=01;35:*.wmv=01;35:*.asf=01;35:*.rm=01;35:*.rmvb=01;35:*.flc=01;35:*.avi=01;35:*.fli=01;35:*.flv=01;35:*.gl=01;35:*.dl=01;35:*.xcf=01;35:*.xwd=01;35:*.yuv=01;35:*.cgm=01;35:*.emf=01;35:*.ogv=01;35:*.ogx=01;35:*.aac=00;36:*.au=00;36:*.flac=00;36:*.m4a=00;36:*.mid=00;36:*.midi=00;36:*.mka=00;36:*.mp3=00;36:*.mpc=00;36:*.ogg=00;36:*.ra=00;36:*.wav=00;36:*.oga=00;36:*.opus=00;36:*.spx=00;36:*.xspf=00;36:*~=00;90:*#=00;90:*.bak=00;90:*.crdownload=00;90:*.dpkg-dist=00;90:*.dpkg-new=00;90:*.dpkg-old=00;90:*.dpkg-tmp=00;90:*.old=00;90:*.orig=00;90:*.part=00;90:*.rej=00;90:*.rpmnew=00;90:*.rpmorig=00;90:*.rpmsave=00;90:*.swp=00;90:*.tmp=00;90:*.ucf-dist=00;90:*.ucf-new=00;90:*.ucf-old=00;90:
[DEBUG] env.MAVEN_CMD_LINE_ARGS:  -Dtest=BackendApplicationTests test -X
[DEBUG] env.MAVEN_PROJECTBASEDIR: /home/complex/projects/Auction_Project/backend
[DEBUG] env.NAME: LAPTOP-E3K5JDJ3
[DEBUG] env.NVM_BIN: /home/complex/.nvm/versions/node/v24.15.0/bin
[DEBUG] env.NVM_CD_FLAGS: 
[DEBUG] env.NVM_DIR: /home/complex/.nvm
[DEBUG] env.NVM_INC: /home/complex/.nvm/versions/node/v24.15.0/include/node
[DEBUG] env.OLDPWD: /home/complex/projects/Auction_Project/backend
[DEBUG] env.PATH: /usr/local/cuda/bin:/home/complex/.vscode-server/bin/7e7950df89d055b5a378379db9ee14290772148a/bin/remote-cli:/home/complex/.local/bin:/home/complex/.nvm/versions/node/v24.15.0/bin:/home/complex/.cargo/bin:/usr/local/cuda/bin:/usr/local/sbin:/usr/local/bin:/usr/sbin:/usr/bin:/sbin:/bin:/usr/games:/usr/local/games:/usr/lib/wsl/lib:/mnt/c/Program Files/NVIDIA GPU Computing Toolkit/CUDA/v13.0/bin/x64:/mnt/c/Program Files/NVIDIA GPU Computing Toolkit/CUDA/v13.0/bin:/mnt/c/Program Files/NVIDIA GPU Computing Toolkit/CUDA/v12.4/bin:/mnt/c/Program Files/NVIDIA GPU Computing Toolkit/CUDA/v12.4/libnvvp:/mnt/c/Program Files/Common Files/Oracle/Java/javapath:/mnt/c/Program Files (x86)/Common Files/Oracle/Java/java8path:/mnt/c/Program Files (x86)/Common Files/Oracle/Java/javapath:/mnt/c/windows/system32:/mnt/c/windows:/mnt/c/windows/System32/Wbem:/mnt/c/windows/System32/WindowsPowerShell/v1.0/:/mnt/c/windows/System32/OpenSSH/:/mnt/c/Program Files (x86)/NVIDIA Corporation/PhysX/Common:/mnt/c/WINDOWS/system32:/mnt/c/WINDOWS:/mnt/c/WINDOWS/System32/Wbem:/mnt/c/WINDOWS/System32/WindowsPowerShell/v1.0/:/mnt/c/WINDOWS/System32/OpenSSH/:/mnt/c/Program Files/dotnet/:/mnt/c/Program Files/Microsoft SQL Server/150/Tools/Binn/:/mnt/c/Program Files (x86)/Bitvise SSH Client:/mnt/c/Program Files/NVIDIA Corporation/NVIDIA app/NvDLISR:/mnt/c/Program Files/apache-maven-3.9.9/bin:/mnt/c/Qt/6.9.2/msvc2022_64/bin:/mnt/c/Program Files (x86)/Microsoft Visual Studio/2022/BuildTools/Common7/IDE/CommonExtensions/Microsoft/CMake/CMake/bin:/Docker/host/bin:/mnt/c/Users/rayya/AppData/Local/Programs/Python/Python312/Scripts/:/mnt/c/Users/rayya/AppData/Local/Programs/Python/Python312/:/mnt/c/Program Files/NVIDIA GPU Computing Toolkit/CUDA/v12.4/extras/CUPTI/lib64:/mnt/c/Program Files/NVIDIA GPU Computing Toolkit/CUDA/v12.4/bin:/mnt/c/Program Files/NVIDIA GPU Computing Toolkit/CUDA/v12.4/libnvvp:/mnt/c/Program Files/Common Files/Oracle/Java/javapath:/mnt/c/Program Files (x86)/Common Files/Oracle/Java/java8path:/mnt/c/Program Files (x86)/Common Files/Oracle/Java/javapath:/mnt/c/windows/system32:/mnt/c/windows:/mnt/c/windows/System32/Wbem:/mnt/c/windows/System32/WindowsPowerShell/v1.0/:/mnt/c/windows/System32/OpenSSH/:/mnt/c/Program Files (x86)/NVIDIA Corporation/PhysX/Common:/mnt/c/WINDOWS/system32:/mnt/c/WINDOWS:/mnt/c/WINDOWS/System32/Wbem:/mnt/c/WINDOWS/System32/WindowsPowerShell/v1.0/:/mnt/c/WINDOWS/System32/OpenSSH/:/mnt/c/Program Files/dotnet/:/mnt/c/Program Files/Microsoft SQL Server/150/Tools/Binn/:/mnt/c/Program Files (x86)/Bitvise SSH Client:/mnt/c/Program Files/NVIDIA Corporation/Nsight Compute 2024.1.1/:/mnt/c/Program Files/NVIDIA Corporation/NVIDIA app/NvDLISR:/mnt/c/Program Files/nodejs/:/mnt/c/Program Files/Git/cmd:/mnt/c/Program Files/apache-maven-3.9.9/bin:/mnt/c/Users/rayya/AppData/Local/Google/Cloud SDK/google-cloud-sdk/bin:/mnt/c/Users/rayya/AppData/Local/Programs/Microsoft VS Code/bin:/mnt/c/texlive/2025/bin/windows:/mnt/c/Users/rayya/AppData/Local/Microsoft/WindowsApps:/mnt/c/Qt/6.9.3/msvc2022_64/bin:/mnt/c/Program Files (x86)/Microsoft Visual Studio/2022/BuildTools/Common7/IDE/CommonExtensions/Microsoft/CMake/CMake/bin:/mnt/c/Users/rayya/AppData/Local/Microsoft/WindowsApps:/home/complex/.vscode-server/extensions/vscjava.vscode-java-debug-0.59.0/bundled/scripts/noConfigScripts
[DEBUG] env.PULSE_SERVER: unix:/mnt/wslg/PulseServer
[DEBUG] env.PWD: /home/complex/projects/Auction_Project/backend
[DEBUG] env.SHELL: /bin/bash
[DEBUG] env.SHLVL: 1
[DEBUG] env.TERM: xterm-256color
[DEBUG] env.TERM_PROGRAM: vscode
[DEBUG] env.TERM_PROGRAM_VERSION: 1.126.0
[DEBUG] env.USER: complex
[DEBUG] env.VSCODE_GIT_ASKPASS_EXTRA_ARGS: 
[DEBUG] env.VSCODE_GIT_ASKPASS_MAIN: /home/complex/.vscode-server/bin/7e7950df89d055b5a378379db9ee14290772148a/extensions/git/dist/askpass-main.js
[DEBUG] env.VSCODE_GIT_ASKPASS_NODE: /home/complex/.vscode-server/bin/7e7950df89d055b5a378379db9ee14290772148a/node
[DEBUG] env.VSCODE_GIT_IPC_HANDLE: /run/user/1000/vscode-git-998a45799d.sock
[DEBUG] env.VSCODE_IPC_HOOK_CLI: /run/user/1000/vscode-ipc-68992b2f-f1c8-4ae4-aab6-398a15982115.sock
[DEBUG] env.VSCODE_JAVA_EXEC: /usr/lib/jvm/java-21-openjdk-amd64/bin/java
[DEBUG] env.VSCODE_JDWP_ADAPTER_ENDPOINTS: /home/complex/.vscode-server/extensions/vscjava.vscode-java-debug-0.59.0/.noConfigDebugAdapterEndpoints/endpoint-11a460172161baf6.txt
[DEBUG] env.VSCODE_PYTHON_AUTOACTIVATE_GUARD: 1
[DEBUG] env.WAYLAND_DISPLAY: wayland-0
[DEBUG] env.WSL2_GUI_APPS_ENABLED: 1
[DEBUG] env.WSLENV: VSCODE_WSL_EXT_LOCATION/up
[DEBUG] env.WSL_DISTRO_NAME: Debian
[DEBUG] env.WSL_INTEROP: /run/WSL/815_interop
[DEBUG] env.XDG_RUNTIME_DIR: /run/user/1000
[DEBUG] env._: ./mvnw
[DEBUG] file.encoding: UTF-8
[DEBUG] file.separator: /
[DEBUG] flyway.version: 11.7.2
[DEBUG] freemarker.version: 2.3.34
[DEBUG] git-commit-id-maven-plugin.version: 9.0.2
[DEBUG] glassfish-jaxb.version: 4.0.5
[DEBUG] glassfish-jstl.version: 3.0.1
[DEBUG] graphql-java.version: 24.1
[DEBUG] groovy.version: 4.0.28
[DEBUG] gson.version: 2.13.1
[DEBUG] h2.version: 2.3.232
[DEBUG] hamcrest.version: 3.0
[DEBUG] hazelcast.version: 5.5.0
[DEBUG] hibernate-validator.version: 8.0.3.Final
[DEBUG] hibernate.version: 6.6.26.Final
[DEBUG] hikaricp.version: 6.3.2
[DEBUG] hsqldb.version: 2.7.3
[DEBUG] htmlunit.version: 4.11.1
[DEBUG] httpasyncclient.version: 4.1.5
[DEBUG] httpclient5.version: 5.5
[DEBUG] httpcore.version: 4.4.16
[DEBUG] httpcore5.version: 5.3.4
[DEBUG] infinispan.version: 15.2.5.Final
[DEBUG] influxdb-java.version: 2.25
[DEBUG] jackson-bom.version: 2.19.2
[DEBUG] jakarta-activation.version: 2.1.3
[DEBUG] jakarta-annotation.version: 2.1.1
[DEBUG] jakarta-inject.version: 2.0.1
[DEBUG] jakarta-jms.version: 3.1.0
[DEBUG] jakarta-json-bind.version: 3.0.1
[DEBUG] jakarta-json.version: 2.1.3
[DEBUG] jakarta-mail.version: 2.1.3
[DEBUG] jakarta-management.version: 1.1.4
[DEBUG] jakarta-persistence.version: 3.1.0
[DEBUG] jakarta-servlet-jsp-jstl.version: 3.0.2
[DEBUG] jakarta-servlet.version: 6.0.0
[DEBUG] jakarta-transaction.version: 2.0.1
[DEBUG] jakarta-validation.version: 3.0.2
[DEBUG] jakarta-websocket.version: 2.1.1
[DEBUG] jakarta-ws-rs.version: 3.1.0
[DEBUG] jakarta-xml-bind.version: 4.0.2
[DEBUG] jakarta-xml-soap.version: 3.0.2
[DEBUG] jakarta-xml-ws.version: 4.0.2
[DEBUG] janino.version: 3.1.12
[DEBUG] java.class.path: /home/complex/.m2/wrapper/dists/apache-maven-3.9.11/a2d47e15/boot/plexus-classworlds-2.9.0.jar
[DEBUG] java.class.version: 65.0
[DEBUG] java.home: /usr/lib/jvm/java-21-openjdk-amd64
[DEBUG] java.io.tmpdir: /tmp
[DEBUG] java.library.path: /usr/local/cuda/lib64:/usr/local/cuda/lib64::/usr/java/packages/lib:/usr/lib/x86_64-linux-gnu/jni:/lib/x86_64-linux-gnu:/usr/lib/x86_64-linux-gnu:/usr/lib/jni:/lib:/usr/lib
[DEBUG] java.runtime.name: OpenJDK Runtime Environment
[DEBUG] java.runtime.version: 21.0.11+10-1-deb13u2-Debian
[DEBUG] java.specification.name: Java Platform API Specification
[DEBUG] java.specification.vendor: Oracle Corporation
[DEBUG] java.specification.version: 21
[DEBUG] java.vendor: Debian
[DEBUG] java.vendor.url: https://tracker.debian.org/openjdk-21
[DEBUG] java.vendor.url.bug: https://bugs.debian.org/openjdk-21
[DEBUG] java.version: 21.0.11
[DEBUG] java.version.date: 2026-04-21
[DEBUG] java.vm.compressedOopsMode: 32-bit
[DEBUG] java.vm.info: mixed mode, sharing
[DEBUG] java.vm.name: OpenJDK 64-Bit Server VM
[DEBUG] java.vm.specification.name: Java Virtual Machine Specification
[DEBUG] java.vm.specification.vendor: Oracle Corporation
[DEBUG] java.vm.specification.version: 21
[DEBUG] java.vm.vendor: Debian
[DEBUG] java.vm.version: 21.0.11+10-1-deb13u2-Debian
[DEBUG] javax-cache.version: 1.1.1
[DEBUG] javax-money.version: 1.1
[DEBUG] jaxen.version: 2.0.0
[DEBUG] jaybird.version: 6.0.2
[DEBUG] jboss-logging.version: 3.6.1.Final
[DEBUG] jdk.debug: release
[DEBUG] jdom2.version: 2.0.6.1
[DEBUG] jedis.version: 6.0.0
[DEBUG] jersey.version: 3.1.11
[DEBUG] jetty-reactive-httpclient.version: 4.0.11
[DEBUG] jetty.version: 12.0.25
[DEBUG] jmustache.version: 1.16
[DEBUG] jooq.version: 3.19.25
[DEBUG] json-path.version: 2.9.0
[DEBUG] json-smart.version: 2.5.2
[DEBUG] jsonassert.version: 1.5.3
[DEBUG] jtds.version: 1.3.1
[DEBUG] junit-jupiter.version: 5.12.2
[DEBUG] junit.version: 4.13.2
[DEBUG] kafka.version: 3.9.1
[DEBUG] kotlin-coroutines.version: 1.8.1
[DEBUG] kotlin-serialization.version: 1.6.3
[DEBUG] kotlin.version: 1.9.25
[DEBUG] lettuce.version: 6.6.0.RELEASE
[DEBUG] library.jansi.path: /home/complex/.m2/wrapper/dists/apache-maven-3.9.11/a2d47e15/lib/jansi-native
[DEBUG] line.separator: 

[DEBUG] liquibase.version: 4.31.1
[DEBUG] log4j2.version: 2.24.3
[DEBUG] logback.version: 1.5.18
[DEBUG] lombok.version: 1.18.38
[DEBUG] mariadb.version: 3.5.5
[DEBUG] maven-antrun-plugin.version: 3.1.0
[DEBUG] maven-assembly-plugin.version: 3.7.1
[DEBUG] maven-clean-plugin.version: 3.4.1
[DEBUG] maven-compiler-plugin.version: 3.14.0
[DEBUG] maven-dependency-plugin.version: 3.8.1
[DEBUG] maven-deploy-plugin.version: 3.1.4
[DEBUG] maven-enforcer-plugin.version: 3.5.0
[DEBUG] maven-failsafe-plugin.version: 3.5.3
[DEBUG] maven-help-plugin.version: 3.5.1
[DEBUG] maven-install-plugin.version: 3.1.4
[DEBUG] maven-invoker-plugin.version: 3.9.1
[DEBUG] maven-jar-plugin.version: 3.4.2
[DEBUG] maven-javadoc-plugin.version: 3.11.3
[DEBUG] maven-resources-plugin.version: 3.3.1
[DEBUG] maven-shade-plugin.version: 3.6.0
[DEBUG] maven-source-plugin.version: 3.3.1
[DEBUG] maven-surefire-plugin.version: 3.5.3
[DEBUG] maven-war-plugin.version: 3.4.0
[DEBUG] maven.build.timestamp: 2026-06-28T20:34:21Z
[DEBUG] maven.build.version: Apache Maven 3.9.11 (3e54c93a704957b63ee3494413a2b544fd3d825b)
[DEBUG] maven.compiler.release: 21
[DEBUG] maven.conf: /home/complex/.m2/wrapper/dists/apache-maven-3.9.11/a2d47e15/conf
[DEBUG] maven.home: /home/complex/.m2/wrapper/dists/apache-maven-3.9.11/a2d47e15
[DEBUG] maven.multiModuleProjectDirectory: /home/complex/projects/Auction_Project/backend
[DEBUG] maven.version: 3.9.11
[DEBUG] micrometer-tracing.version: 1.5.3
[DEBUG] micrometer.version: 1.15.3
[DEBUG] mockito.version: 5.17.0
[DEBUG] mongodb.version: 5.5.1
[DEBUG] mssql-jdbc.version: 12.10.1.jre11
[DEBUG] mysql.version: 9.4.0
[DEBUG] native-build-tools-plugin.version: 0.10.6
[DEBUG] native.encoding: UTF-8
[DEBUG] nekohtml.version: 1.9.22
[DEBUG] neo4j-java-driver.version: 5.28.9
[DEBUG] netty.version: 4.1.124.Final
[DEBUG] opentelemetry.version: 1.49.0
[DEBUG] oracle-database.version: 23.7.0.25.01
[DEBUG] oracle-r2dbc.version: 1.3.0
[DEBUG] os.arch: amd64
[DEBUG] os.name: Linux
[DEBUG] os.version: 6.18.33.2-microsoft-standard-WSL2
[DEBUG] path.separator: :
[DEBUG] pooled-jms.version: 3.1.7
[DEBUG] postgresql.version: 42.7.7
[DEBUG] project.baseUri: file:/home/complex/projects/Auction_Project/backend/
[DEBUG] project.build.sourceEncoding: UTF-8
[DEBUG] project.reporting.outputEncoding: UTF-8
[DEBUG] prometheus-client.version: 1.3.10
[DEBUG] prometheus-simpleclient.version: 0.16.0
[DEBUG] pulsar-reactive.version: 0.6.0
[DEBUG] pulsar.version: 4.0.6
[DEBUG] quartz.version: 2.5.0
[DEBUG] querydsl.version: 5.1.0
[DEBUG] r2dbc-h2.version: 1.0.0.RELEASE
[DEBUG] r2dbc-mariadb.version: 1.3.0
[DEBUG] r2dbc-mssql.version: 1.0.2.RELEASE
[DEBUG] r2dbc-mysql.version: 1.4.1
[DEBUG] r2dbc-pool.version: 1.0.2.RELEASE
[DEBUG] r2dbc-postgresql.version: 1.0.7.RELEASE
[DEBUG] r2dbc-proxy.version: 1.1.6.RELEASE
[DEBUG] r2dbc-spi.version: 1.0.0.RELEASE
[DEBUG] rabbit-amqp-client.version: 5.25.0
[DEBUG] rabbit-stream-client.version: 0.23.0
[DEBUG] reactive-streams.version: 1.0.4
[DEBUG] reactor-bom.version: 2024.0.9
[DEBUG] resource.delimiter: @
[DEBUG] rest-assured.version: 5.5.6
[DEBUG] rsocket.version: 1.1.5
[DEBUG] rxjava3.version: 3.1.11
[DEBUG] saaj-impl.version: 3.0.4
[DEBUG] selenium-htmlunit.version: 4.30.0
[DEBUG] selenium.version: 4.31.0
[DEBUG] sendgrid.version: 4.10.3
[DEBUG] slf4j.version: 2.0.17
[DEBUG] snakeyaml.version: 2.4
[DEBUG] spring-amqp.version: 3.2.6
[DEBUG] spring-authorization-server.version: 1.5.2
[DEBUG] spring-batch.version: 5.2.2
[DEBUG] spring-boot.run.main-class: ${start-class}
[DEBUG] spring-data-bom.version: 2025.0.3
[DEBUG] spring-framework.version: 6.2.10
[DEBUG] spring-graphql.version: 1.4.1
[DEBUG] spring-hateoas.version: 2.5.1
[DEBUG] spring-integration.version: 6.5.1
[DEBUG] spring-kafka.version: 3.3.9
[DEBUG] spring-ldap.version: 3.3.3
[DEBUG] spring-pulsar.version: 1.2.9
[DEBUG] spring-restdocs.version: 3.0.5
[DEBUG] spring-retry.version: 2.0.12
[DEBUG] spring-security.version: 6.5.3
[DEBUG] spring-session.version: 3.5.2
[DEBUG] spring-ws.version: 4.1.1
[DEBUG] sqlite-jdbc.version: 3.49.1.0
[DEBUG] stderr.encoding: UTF-8
[DEBUG] stdout.encoding: UTF-8
[DEBUG] sun.arch.data.model: 64
[DEBUG] sun.boot.library.path: /usr/lib/jvm/java-21-openjdk-amd64/lib
[DEBUG] sun.cpu.endian: little
[DEBUG] sun.io.unicode.encoding: UnicodeLittle
[DEBUG] sun.java.command: org.codehaus.plexus.classworlds.launcher.Launcher -Dtest=BackendApplicationTests test -X
[DEBUG] sun.java.launcher: SUN_STANDARD
[DEBUG] sun.jnu.encoding: UTF-8
[DEBUG] sun.management.compiler: HotSpot 64-Bit Tiered Compilers
[DEBUG] test: BackendApplicationTests
[DEBUG] testcontainers-redis-module.version: 2.2.4
[DEBUG] testcontainers.version: 1.21.3
[DEBUG] thymeleaf-extras-data-attribute.version: 2.0.1
[DEBUG] thymeleaf-extras-springsecurity.version: 3.1.3.RELEASE
[DEBUG] thymeleaf-layout-dialect.version: 3.4.0
[DEBUG] thymeleaf.version: 3.1.3.RELEASE
[DEBUG] tomcat.version: 10.1.44
[DEBUG] unboundid-ldapsdk.version: 7.0.3
[DEBUG] undertow.version: 2.3.18.Final
[DEBUG] user.country: US
[DEBUG] user.dir: /home/complex/projects/Auction_Project/backend
[DEBUG] user.home: /home/complex
[DEBUG] user.language: en
[DEBUG] user.name: complex
[DEBUG] versions-maven-plugin.version: 2.18.0
[DEBUG] vibur.version: 26.0
[DEBUG] webjars-locator-core.version: 0.59
[DEBUG] webjars-locator-lite.version: 1.1.0
[DEBUG] wsdl4j.version: 1.6.3
[DEBUG] xml-maven-plugin.version: 1.1.0
[DEBUG] xmlunit2.version: 2.10.3
[DEBUG] yasson.version: 3.0.4
[DEBUG] zipkin-reporter.version: 3.5.1
[DEBUG] Using 'UTF-8' encoding to copy filtered resources.
[DEBUG] Using 'UTF-8' encoding to copy filtered properties files.
[DEBUG] resource with targetPath null
directory /home/complex/projects/Auction_Project/backend/src/main/resources
excludes []
includes [**/application*.yml, **/application*.yaml, **/application*.properties]
[DEBUG] ignoreDelta true
[INFO] Copying 3 resources from src/main/resources to target/classes
[DEBUG] Copying file application.yml
[DEBUG] file application.yml has a filtered file extension
[DEBUG] Using 'UTF-8' encoding to copy filtered resource 'application.yml'.
[DEBUG] filtering /home/complex/projects/Auction_Project/backend/src/main/resources/application.yml to /home/complex/projects/Auction_Project/backend/target/classes/application.yml
[DEBUG] Copying file application-dev.yml
[DEBUG] file application-dev.yml has a filtered file extension
[DEBUG] Using 'UTF-8' encoding to copy filtered resource 'application-dev.yml'.
[DEBUG] filtering /home/complex/projects/Auction_Project/backend/src/main/resources/application-dev.yml to /home/complex/projects/Auction_Project/backend/target/classes/application-dev.yml
[DEBUG] Copying file application-docker.yml
[DEBUG] file application-docker.yml has a filtered file extension
[DEBUG] Using 'UTF-8' encoding to copy filtered resource 'application-docker.yml'.
[DEBUG] filtering /home/complex/projects/Auction_Project/backend/src/main/resources/application-docker.yml to /home/complex/projects/Auction_Project/backend/target/classes/application-docker.yml
[DEBUG] resource with targetPath null
directory /home/complex/projects/Auction_Project/backend/src/main/resources
excludes [**/application*.yml, **/application*.yaml, **/application*.properties]
includes []
[DEBUG] ignoreDelta true
[INFO] Copying 0 resource from src/main/resources to target/classes
[DEBUG] no user filter components
[INFO] 
[INFO] --- compiler:3.14.0:compile (default-compile) @ auction ---
[DEBUG] Using mirror maven-default-http-blocker (http://0.0.0.0/) for apache.snapshots (http://repository.apache.org/snapshots).
[DEBUG] Dependency collection stats {ConflictMarker.analyzeTime=68540, ConflictMarker.markTime=16089, ConflictMarker.nodeCount=22, ConflictIdSorter.graphTime=18875, ConflictIdSorter.topsortTime=12616, ConflictIdSorter.conflictIdCount=14, ConflictIdSorter.conflictIdCycleCount=0, ConflictResolver.totalTime=187583, ConflictResolver.conflictItemCount=22, DfDependencyCollector.collectTime=35150251, DfDependencyCollector.transformTime=322706}
[DEBUG] org.apache.maven.plugins:maven-compiler-plugin:jar:3.14.0
[DEBUG]    org.apache.maven.shared:maven-shared-utils:jar:3.4.2:compile
[DEBUG]       org.slf4j:slf4j-api:jar:1.7.36:compile
[DEBUG]       commons-io:commons-io:jar:2.11.0:compile
[DEBUG]    org.apache.maven.shared:maven-shared-incremental:jar:1.1:compile
[DEBUG]    org.codehaus.plexus:plexus-java:jar:1.4.0:compile
[DEBUG]       org.ow2.asm:asm:jar:9.7.1:compile
[DEBUG]       com.thoughtworks.qdox:qdox:jar:2.2.0:compile
[DEBUG]    org.codehaus.plexus:plexus-compiler-api:jar:2.15.0:compile
[DEBUG]    org.codehaus.plexus:plexus-compiler-manager:jar:2.15.0:compile
[DEBUG]       javax.inject:javax.inject:jar:1:compile
[DEBUG]       org.codehaus.plexus:plexus-xml:jar:3.0.1:compile (version managed from default)
[DEBUG]    org.codehaus.plexus:plexus-compiler-javac:jar:2.15.0:runtime
[DEBUG]    org.codehaus.plexus:plexus-utils:jar:4.0.1:compile
[DEBUG] Created new class realm plugin>org.apache.maven.plugins:maven-compiler-plugin:3.14.0
[DEBUG] Importing foreign packages into class realm plugin>org.apache.maven.plugins:maven-compiler-plugin:3.14.0
[DEBUG]   Imported:  < maven.api
[DEBUG] Populating class realm plugin>org.apache.maven.plugins:maven-compiler-plugin:3.14.0
[DEBUG]   Included: org.apache.maven.plugins:maven-compiler-plugin:jar:3.14.0
[DEBUG]   Included: org.apache.maven.shared:maven-shared-utils:jar:3.4.2
[DEBUG]   Included: commons-io:commons-io:jar:2.11.0
[DEBUG]   Included: org.apache.maven.shared:maven-shared-incremental:jar:1.1
[DEBUG]   Included: org.codehaus.plexus:plexus-java:jar:1.4.0
[DEBUG]   Included: org.ow2.asm:asm:jar:9.7.1
[DEBUG]   Included: com.thoughtworks.qdox:qdox:jar:2.2.0
[DEBUG]   Included: org.codehaus.plexus:plexus-compiler-api:jar:2.15.0
[DEBUG]   Included: org.codehaus.plexus:plexus-compiler-manager:jar:2.15.0
[DEBUG]   Included: org.codehaus.plexus:plexus-xml:jar:3.0.1
[DEBUG]   Included: org.codehaus.plexus:plexus-compiler-javac:jar:2.15.0
[DEBUG]   Included: org.codehaus.plexus:plexus-utils:jar:4.0.1
[DEBUG] Loading mojo org.apache.maven.plugins:maven-compiler-plugin:3.14.0:compile from plugin realm ClassRealm[plugin>org.apache.maven.plugins:maven-compiler-plugin:3.14.0, parent: jdk.internal.loader.ClassLoaders$AppClassLoader@c387f44]
[DEBUG] Configuring mojo execution 'org.apache.maven.plugins:maven-compiler-plugin:3.14.0:compile:default-compile' with basic configurator -->
[DEBUG]   (f) annotationProcessorPathsUseDepMgmt = false
[DEBUG]   (f) basedir = /home/complex/projects/Auction_Project/backend
[DEBUG]   (f) buildDirectory = /home/complex/projects/Auction_Project/backend/target
[DEBUG]   (f) compilePath = [/home/complex/projects/Auction_Project/backend/target/classes, /home/complex/.m2/repository/org/springframework/boot/spring-boot-starter-security/3.5.5/spring-boot-starter-security-3.5.5.jar, /home/complex/.m2/repository/org/springframework/boot/spring-boot-starter/3.5.5/spring-boot-starter-3.5.5.jar, /home/complex/.m2/repository/org/springframework/boot/spring-boot-starter-logging/3.5.5/spring-boot-starter-logging-3.5.5.jar, /home/complex/.m2/repository/ch/qos/logback/logback-classic/1.5.18/logback-classic-1.5.18.jar, /home/complex/.m2/repository/ch/qos/logback/logback-core/1.5.18/logback-core-1.5.18.jar, /home/complex/.m2/repository/org/apache/logging/log4j/log4j-to-slf4j/2.24.3/log4j-to-slf4j-2.24.3.jar, /home/complex/.m2/repository/org/apache/logging/log4j/log4j-api/2.24.3/log4j-api-2.24.3.jar, /home/complex/.m2/repository/org/slf4j/jul-to-slf4j/2.0.17/jul-to-slf4j-2.0.17.jar, /home/complex/.m2/repository/jakarta/annotation/jakarta.annotation-api/2.1.1/jakarta.annotation-api-2.1.1.jar, /home/complex/.m2/repository/org/yaml/snakeyaml/2.4/snakeyaml-2.4.jar, /home/complex/.m2/repository/org/springframework/spring-aop/6.2.10/spring-aop-6.2.10.jar, /home/complex/.m2/repository/org/springframework/spring-beans/6.2.10/spring-beans-6.2.10.jar, /home/complex/.m2/repository/org/springframework/security/spring-security-config/6.5.3/spring-security-config-6.5.3.jar, /home/complex/.m2/repository/org/springframework/spring-context/6.2.10/spring-context-6.2.10.jar, /home/complex/.m2/repository/org/springframework/security/spring-security-web/6.5.3/spring-security-web-6.5.3.jar, /home/complex/.m2/repository/org/springframework/spring-expression/6.2.10/spring-expression-6.2.10.jar, /home/complex/.m2/repository/org/springframework/boot/spring-boot-starter-web/3.5.5/spring-boot-starter-web-3.5.5.jar, /home/complex/.m2/repository/org/springframework/boot/spring-boot-starter-json/3.5.5/spring-boot-starter-json-3.5.5.jar, /home/complex/.m2/repository/com/fasterxml/jackson/datatype/jackson-datatype-jdk8/2.19.2/jackson-datatype-jdk8-2.19.2.jar, /home/complex/.m2/repository/com/fasterxml/jackson/datatype/jackson-datatype-jsr310/2.19.2/jackson-datatype-jsr310-2.19.2.jar, /home/complex/.m2/repository/com/fasterxml/jackson/module/jackson-module-parameter-names/2.19.2/jackson-module-parameter-names-2.19.2.jar, /home/complex/.m2/repository/org/springframework/boot/spring-boot-starter-tomcat/3.5.5/spring-boot-starter-tomcat-3.5.5.jar, /home/complex/.m2/repository/org/apache/tomcat/embed/tomcat-embed-core/10.1.44/tomcat-embed-core-10.1.44.jar, /home/complex/.m2/repository/org/apache/tomcat/embed/tomcat-embed-websocket/10.1.44/tomcat-embed-websocket-10.1.44.jar, /home/complex/.m2/repository/org/springframework/spring-web/6.2.10/spring-web-6.2.10.jar, /home/complex/.m2/repository/io/micrometer/micrometer-observation/1.15.3/micrometer-observation-1.15.3.jar, /home/complex/.m2/repository/io/micrometer/micrometer-commons/1.15.3/micrometer-commons-1.15.3.jar, /home/complex/.m2/repository/org/springframework/spring-webmvc/6.2.10/spring-webmvc-6.2.10.jar, /home/complex/.m2/repository/org/springframework/boot/spring-boot/3.5.5/spring-boot-3.5.5.jar, /home/complex/.m2/repository/org/springframework/boot/spring-boot-autoconfigure/3.5.5/spring-boot-autoconfigure-3.5.5.jar, /home/complex/.m2/repository/org/slf4j/slf4j-api/2.0.17/slf4j-api-2.0.17.jar, /home/complex/.m2/repository/org/springframework/spring-core/6.2.10/spring-core-6.2.10.jar, /home/complex/.m2/repository/org/springframework/spring-jcl/6.2.10/spring-jcl-6.2.10.jar, /home/complex/.m2/repository/org/springframework/security/spring-security-core/6.5.3/spring-security-core-6.5.3.jar, /home/complex/.m2/repository/org/springframework/security/spring-security-crypto/6.5.3/spring-security-crypto-6.5.3.jar, /home/complex/.m2/repository/org/springframework/boot/spring-boot-starter-data-jpa/3.5.5/spring-boot-starter-data-jpa-3.5.5.jar, /home/complex/.m2/repository/org/springframework/boot/spring-boot-starter-jdbc/3.5.5/spring-boot-starter-jdbc-3.5.5.jar, /home/complex/.m2/repository/com/zaxxer/HikariCP/6.3.2/HikariCP-6.3.2.jar, /home/complex/.m2/repository/org/springframework/spring-jdbc/6.2.10/spring-jdbc-6.2.10.jar, /home/complex/.m2/repository/org/hibernate/orm/hibernate-core/6.6.26.Final/hibernate-core-6.6.26.Final.jar, /home/complex/.m2/repository/jakarta/persistence/jakarta.persistence-api/3.1.0/jakarta.persistence-api-3.1.0.jar, /home/complex/.m2/repository/jakarta/transaction/jakarta.transaction-api/2.0.1/jakarta.transaction-api-2.0.1.jar, /home/complex/.m2/repository/org/jboss/logging/jboss-logging/3.6.1.Final/jboss-logging-3.6.1.Final.jar, /home/complex/.m2/repository/com/fasterxml/classmate/1.7.0/classmate-1.7.0.jar, /home/complex/.m2/repository/org/antlr/antlr4-runtime/4.13.0/antlr4-runtime-4.13.0.jar, /home/complex/.m2/repository/org/springframework/data/spring-data-jpa/3.5.3/spring-data-jpa-3.5.3.jar, /home/complex/.m2/repository/org/springframework/data/spring-data-commons/3.5.3/spring-data-commons-3.5.3.jar, /home/complex/.m2/repository/org/springframework/spring-orm/6.2.10/spring-orm-6.2.10.jar, /home/complex/.m2/repository/org/springframework/spring-tx/6.2.10/spring-tx-6.2.10.jar, /home/complex/.m2/repository/org/springframework/spring-aspects/6.2.10/spring-aspects-6.2.10.jar, /home/complex/.m2/repository/org/aspectj/aspectjweaver/1.9.24/aspectjweaver-1.9.24.jar, /home/complex/.m2/repository/org/springframework/boot/spring-boot-starter-validation/3.5.5/spring-boot-starter-validation-3.5.5.jar, /home/complex/.m2/repository/org/apache/tomcat/embed/tomcat-embed-el/10.1.44/tomcat-embed-el-10.1.44.jar, /home/complex/.m2/repository/org/hibernate/validator/hibernate-validator/8.0.3.Final/hibernate-validator-8.0.3.Final.jar, /home/complex/.m2/repository/jakarta/validation/jakarta.validation-api/3.0.2/jakarta.validation-api-3.0.2.jar, /home/complex/.m2/repository/io/jsonwebtoken/jjwt-api/0.12.5/jjwt-api-0.12.5.jar, /home/complex/.m2/repository/com/fasterxml/jackson/core/jackson-databind/2.19.2/jackson-databind-2.19.2.jar, /home/complex/.m2/repository/com/fasterxml/jackson/core/jackson-annotations/2.19.2/jackson-annotations-2.19.2.jar, /home/complex/.m2/repository/com/fasterxml/jackson/core/jackson-core/2.19.2/jackson-core-2.19.2.jar]
[DEBUG]   (f) compileSourceRoots = [/home/complex/projects/Auction_Project/backend/src/main/java]
[DEBUG]   (f) compilerId = javac
[DEBUG]   (f) createMissingPackageInfoClass = true
[DEBUG]   (f) debug = true
[DEBUG]   (f) debugFileName = javac
[DEBUG]   (f) enablePreview = false
[DEBUG]   (f) encoding = UTF-8
[DEBUG]   (f) failOnError = true
[DEBUG]   (f) failOnWarning = false
[DEBUG]   (f) fileExtensions = [jar, class]
[DEBUG]   (f) forceJavacCompilerUse = false
[DEBUG]   (f) forceLegacyJavacApi = false
[DEBUG]   (f) fork = false
[DEBUG]   (f) generatedSourcesDirectory = /home/complex/projects/Auction_Project/backend/target/generated-sources/annotations
[DEBUG]   (f) moduleVersion = 0.0.1-SNAPSHOT
[DEBUG]   (f) mojoExecution = org.apache.maven.plugins:maven-compiler-plugin:3.14.0:compile {execution: default-compile}
[DEBUG]   (f) optimize = false
[DEBUG]   (f) outputDirectory = /home/complex/projects/Auction_Project/backend/target/classes
[DEBUG]   (f) parameters = true
[DEBUG]   (f) project = MavenProject: com.complex:auction:0.0.1-SNAPSHOT @ /home/complex/projects/Auction_Project/backend/pom.xml
[DEBUG]   (f) projectArtifact = com.complex:auction:jar:0.0.1-SNAPSHOT
[DEBUG]   (s) release = 21
[DEBUG]   (f) session = org.apache.maven.execution.MavenSession@fc807c1
[DEBUG]   (f) showCompilationChanges = false
[DEBUG]   (f) showDeprecation = false
[DEBUG]   (f) showWarnings = true
[DEBUG]   (f) skipMultiThreadWarning = false
[DEBUG]   (f) source = 1.8
[DEBUG]   (f) staleMillis = 0
[DEBUG]   (s) target = 1.8
[DEBUG]   (f) useIncrementalCompilation = true
[DEBUG]   (f) verbose = false
[DEBUG] -- end configuration --
[DEBUG] Using compiler 'javac'.
[DEBUG] Adding /home/complex/projects/Auction_Project/backend/target/generated-sources/annotations to compile source roots:
  /home/complex/projects/Auction_Project/backend/src/main/java
[DEBUG] New compile source roots:
  /home/complex/projects/Auction_Project/backend/src/main/java
  /home/complex/projects/Auction_Project/backend/target/generated-sources/annotations
[DEBUG] CompilerReuseStrategy: reuseCreated
[DEBUG] useIncrementalCompilation enabled
[INFO] Nothing to compile - all classes are up to date.
[INFO] 
[INFO] --- resources:3.3.1:testResources (default-testResources) @ auction ---
[DEBUG] Loading mojo org.apache.maven.plugins:maven-resources-plugin:3.3.1:testResources from plugin realm ClassRealm[plugin>org.apache.maven.plugins:maven-resources-plugin:3.3.1, parent: jdk.internal.loader.ClassLoaders$AppClassLoader@c387f44]
[DEBUG] Configuring mojo execution 'org.apache.maven.plugins:maven-resources-plugin:3.3.1:testResources:default-testResources' with basic configurator -->
[DEBUG]   (f) addDefaultExcludes = true
[DEBUG]   (f) buildFilters = []
[DEBUG]   (s) delimiters = [@]
[DEBUG]   (f) encoding = UTF-8
[DEBUG]   (f) escapeWindowsPaths = true
[DEBUG]   (f) fileNameFiltering = false
[DEBUG]   (s) includeEmptyDirs = false
[DEBUG]   (s) outputDirectory = /home/complex/projects/Auction_Project/backend/target/test-classes
[DEBUG]   (s) overwrite = false
[DEBUG]   (f) project = MavenProject: com.complex:auction:0.0.1-SNAPSHOT @ /home/complex/projects/Auction_Project/backend/pom.xml
[DEBUG]   (f) propertiesEncoding = UTF-8
[DEBUG]   (s) resources = [Resource {targetPath: null, filtering: false, FileSet {directory: /home/complex/projects/Auction_Project/backend/src/test/resources, PatternSet [includes: {}, excludes: {}]}}]
[DEBUG]   (f) session = org.apache.maven.execution.MavenSession@fc807c1
[DEBUG]   (f) skip = false
[DEBUG]   (f) supportMultiLineFiltering = false
[DEBUG]   (f) useBuildFilters = true
[DEBUG]   (s) useDefaultDelimiters = false
[DEBUG] -- end configuration --
[DEBUG] properties used:
[DEBUG] activemq.version: 6.1.7
[DEBUG] angus-mail.version: 2.0.4
[DEBUG] artemis.version: 2.40.0
[DEBUG] aspectj.version: 1.9.24
[DEBUG] assertj.version: 3.27.4
[DEBUG] awaitility.version: 4.2.2
[DEBUG] brave.version: 6.1.0
[DEBUG] build-helper-maven-plugin.version: 3.6.1
[DEBUG] byte-buddy.version: 1.17.7
[DEBUG] cache2k.version: 2.6.1.Final
[DEBUG] caffeine.version: 3.2.2
[DEBUG] cassandra-driver.version: 4.19.0
[DEBUG] classmate.version: 1.7.0
[DEBUG] classworlds.conf: /home/complex/.m2/wrapper/dists/apache-maven-3.9.11/a2d47e15/bin/m2.conf
[DEBUG] commons-codec.version: 1.18.0
[DEBUG] commons-dbcp2.version: 2.13.0
[DEBUG] commons-lang3.version: 3.17.0
[DEBUG] commons-pool.version: 1.6
[DEBUG] commons-pool2.version: 2.12.1
[DEBUG] couchbase-client.version: 3.8.3
[DEBUG] crac.version: 1.5.0
[DEBUG] cyclonedx-maven-plugin.version: 2.9.1
[DEBUG] db2-jdbc.version: 12.1.2.0
[DEBUG] dependency-management-plugin.version: 1.1.7
[DEBUG] derby.version: 10.16.1.1
[DEBUG] ehcache3.version: 3.10.8
[DEBUG] elasticsearch-client.version: 8.18.5
[DEBUG] env.COLORTERM: truecolor
[DEBUG] env.DBUS_SESSION_BUS_ADDRESS: unix:path=/run/user/1000/bus
[DEBUG] env.DISPLAY: :0
[DEBUG] env.GIT_ASKPASS: /home/complex/.vscode-server/bin/7e7950df89d055b5a378379db9ee14290772148a/extensions/git/dist/askpass.sh
[DEBUG] env.HOME: /home/complex
[DEBUG] env.HOSTTYPE: x86_64
[DEBUG] env.LANG: en_US.UTF-8
[DEBUG] env.LD_LIBRARY_PATH: /usr/local/cuda/lib64:/usr/local/cuda/lib64:
[DEBUG] env.LOGNAME: complex
[DEBUG] env.LS_COLORS: rs=0:di=01;34:ln=01;36:mh=00:pi=40;33:so=01;35:do=01;35:bd=40;33;01:cd=40;33;01:or=40;31;01:mi=00:su=37;41:sg=30;43:ca=00:tw=30;42:ow=34;42:st=37;44:ex=01;32:*.7z=01;31:*.ace=01;31:*.alz=01;31:*.apk=01;31:*.arc=01;31:*.arj=01;31:*.bz=01;31:*.bz2=01;31:*.cab=01;31:*.cpio=01;31:*.crate=01;31:*.deb=01;31:*.drpm=01;31:*.dwm=01;31:*.dz=01;31:*.ear=01;31:*.egg=01;31:*.esd=01;31:*.gz=01;31:*.jar=01;31:*.lha=01;31:*.lrz=01;31:*.lz=01;31:*.lz4=01;31:*.lzh=01;31:*.lzma=01;31:*.lzo=01;31:*.pyz=01;31:*.rar=01;31:*.rpm=01;31:*.rz=01;31:*.sar=01;31:*.swm=01;31:*.t7z=01;31:*.tar=01;31:*.taz=01;31:*.tbz=01;31:*.tbz2=01;31:*.tgz=01;31:*.tlz=01;31:*.txz=01;31:*.tz=01;31:*.tzo=01;31:*.tzst=01;31:*.udeb=01;31:*.war=01;31:*.whl=01;31:*.wim=01;31:*.xz=01;31:*.z=01;31:*.zip=01;31:*.zoo=01;31:*.zst=01;31:*.avif=01;35:*.jpg=01;35:*.jpeg=01;35:*.jxl=01;35:*.mjpg=01;35:*.mjpeg=01;35:*.gif=01;35:*.bmp=01;35:*.pbm=01;35:*.pgm=01;35:*.ppm=01;35:*.tga=01;35:*.xbm=01;35:*.xpm=01;35:*.tif=01;35:*.tiff=01;35:*.png=01;35:*.svg=01;35:*.svgz=01;35:*.mng=01;35:*.pcx=01;35:*.mov=01;35:*.mpg=01;35:*.mpeg=01;35:*.m2v=01;35:*.mkv=01;35:*.webm=01;35:*.webp=01;35:*.ogm=01;35:*.mp4=01;35:*.m4v=01;35:*.mp4v=01;35:*.vob=01;35:*.qt=01;35:*.nuv=01;35:*.wmv=01;35:*.asf=01;35:*.rm=01;35:*.rmvb=01;35:*.flc=01;35:*.avi=01;35:*.fli=01;35:*.flv=01;35:*.gl=01;35:*.dl=01;35:*.xcf=01;35:*.xwd=01;35:*.yuv=01;35:*.cgm=01;35:*.emf=01;35:*.ogv=01;35:*.ogx=01;35:*.aac=00;36:*.au=00;36:*.flac=00;36:*.m4a=00;36:*.mid=00;36:*.midi=00;36:*.mka=00;36:*.mp3=00;36:*.mpc=00;36:*.ogg=00;36:*.ra=00;36:*.wav=00;36:*.oga=00;36:*.opus=00;36:*.spx=00;36:*.xspf=00;36:*~=00;90:*#=00;90:*.bak=00;90:*.crdownload=00;90:*.dpkg-dist=00;90:*.dpkg-new=00;90:*.dpkg-old=00;90:*.dpkg-tmp=00;90:*.old=00;90:*.orig=00;90:*.part=00;90:*.rej=00;90:*.rpmnew=00;90:*.rpmorig=00;90:*.rpmsave=00;90:*.swp=00;90:*.tmp=00;90:*.ucf-dist=00;90:*.ucf-new=00;90:*.ucf-old=00;90:
[DEBUG] env.MAVEN_CMD_LINE_ARGS:  -Dtest=BackendApplicationTests test -X
[DEBUG] env.MAVEN_PROJECTBASEDIR: /home/complex/projects/Auction_Project/backend
[DEBUG] env.NAME: LAPTOP-E3K5JDJ3
[DEBUG] env.NVM_BIN: /home/complex/.nvm/versions/node/v24.15.0/bin
[DEBUG] env.NVM_CD_FLAGS: 
[DEBUG] env.NVM_DIR: /home/complex/.nvm
[DEBUG] env.NVM_INC: /home/complex/.nvm/versions/node/v24.15.0/include/node
[DEBUG] env.OLDPWD: /home/complex/projects/Auction_Project/backend
[DEBUG] env.PATH: /usr/local/cuda/bin:/home/complex/.vscode-server/bin/7e7950df89d055b5a378379db9ee14290772148a/bin/remote-cli:/home/complex/.local/bin:/home/complex/.nvm/versions/node/v24.15.0/bin:/home/complex/.cargo/bin:/usr/local/cuda/bin:/usr/local/sbin:/usr/local/bin:/usr/sbin:/usr/bin:/sbin:/bin:/usr/games:/usr/local/games:/usr/lib/wsl/lib:/mnt/c/Program Files/NVIDIA GPU Computing Toolkit/CUDA/v13.0/bin/x64:/mnt/c/Program Files/NVIDIA GPU Computing Toolkit/CUDA/v13.0/bin:/mnt/c/Program Files/NVIDIA GPU Computing Toolkit/CUDA/v12.4/bin:/mnt/c/Program Files/NVIDIA GPU Computing Toolkit/CUDA/v12.4/libnvvp:/mnt/c/Program Files/Common Files/Oracle/Java/javapath:/mnt/c/Program Files (x86)/Common Files/Oracle/Java/java8path:/mnt/c/Program Files (x86)/Common Files/Oracle/Java/javapath:/mnt/c/windows/system32:/mnt/c/windows:/mnt/c/windows/System32/Wbem:/mnt/c/windows/System32/WindowsPowerShell/v1.0/:/mnt/c/windows/System32/OpenSSH/:/mnt/c/Program Files (x86)/NVIDIA Corporation/PhysX/Common:/mnt/c/WINDOWS/system32:/mnt/c/WINDOWS:/mnt/c/WINDOWS/System32/Wbem:/mnt/c/WINDOWS/System32/WindowsPowerShell/v1.0/:/mnt/c/WINDOWS/System32/OpenSSH/:/mnt/c/Program Files/dotnet/:/mnt/c/Program Files/Microsoft SQL Server/150/Tools/Binn/:/mnt/c/Program Files (x86)/Bitvise SSH Client:/mnt/c/Program Files/NVIDIA Corporation/NVIDIA app/NvDLISR:/mnt/c/Program Files/apache-maven-3.9.9/bin:/mnt/c/Qt/6.9.2/msvc2022_64/bin:/mnt/c/Program Files (x86)/Microsoft Visual Studio/2022/BuildTools/Common7/IDE/CommonExtensions/Microsoft/CMake/CMake/bin:/Docker/host/bin:/mnt/c/Users/rayya/AppData/Local/Programs/Python/Python312/Scripts/:/mnt/c/Users/rayya/AppData/Local/Programs/Python/Python312/:/mnt/c/Program Files/NVIDIA GPU Computing Toolkit/CUDA/v12.4/extras/CUPTI/lib64:/mnt/c/Program Files/NVIDIA GPU Computing Toolkit/CUDA/v12.4/bin:/mnt/c/Program Files/NVIDIA GPU Computing Toolkit/CUDA/v12.4/libnvvp:/mnt/c/Program Files/Common Files/Oracle/Java/javapath:/mnt/c/Program Files (x86)/Common Files/Oracle/Java/java8path:/mnt/c/Program Files (x86)/Common Files/Oracle/Java/javapath:/mnt/c/windows/system32:/mnt/c/windows:/mnt/c/windows/System32/Wbem:/mnt/c/windows/System32/WindowsPowerShell/v1.0/:/mnt/c/windows/System32/OpenSSH/:/mnt/c/Program Files (x86)/NVIDIA Corporation/PhysX/Common:/mnt/c/WINDOWS/system32:/mnt/c/WINDOWS:/mnt/c/WINDOWS/System32/Wbem:/mnt/c/WINDOWS/System32/WindowsPowerShell/v1.0/:/mnt/c/WINDOWS/System32/OpenSSH/:/mnt/c/Program Files/dotnet/:/mnt/c/Program Files/Microsoft SQL Server/150/Tools/Binn/:/mnt/c/Program Files (x86)/Bitvise SSH Client:/mnt/c/Program Files/NVIDIA Corporation/Nsight Compute 2024.1.1/:/mnt/c/Program Files/NVIDIA Corporation/NVIDIA app/NvDLISR:/mnt/c/Program Files/nodejs/:/mnt/c/Program Files/Git/cmd:/mnt/c/Program Files/apache-maven-3.9.9/bin:/mnt/c/Users/rayya/AppData/Local/Google/Cloud SDK/google-cloud-sdk/bin:/mnt/c/Users/rayya/AppData/Local/Programs/Microsoft VS Code/bin:/mnt/c/texlive/2025/bin/windows:/mnt/c/Users/rayya/AppData/Local/Microsoft/WindowsApps:/mnt/c/Qt/6.9.3/msvc2022_64/bin:/mnt/c/Program Files (x86)/Microsoft Visual Studio/2022/BuildTools/Common7/IDE/CommonExtensions/Microsoft/CMake/CMake/bin:/mnt/c/Users/rayya/AppData/Local/Microsoft/WindowsApps:/home/complex/.vscode-server/extensions/vscjava.vscode-java-debug-0.59.0/bundled/scripts/noConfigScripts
[DEBUG] env.PULSE_SERVER: unix:/mnt/wslg/PulseServer
[DEBUG] env.PWD: /home/complex/projects/Auction_Project/backend
[DEBUG] env.SHELL: /bin/bash
[DEBUG] env.SHLVL: 1
[DEBUG] env.TERM: xterm-256color
[DEBUG] env.TERM_PROGRAM: vscode
[DEBUG] env.TERM_PROGRAM_VERSION: 1.126.0
[DEBUG] env.USER: complex
[DEBUG] env.VSCODE_GIT_ASKPASS_EXTRA_ARGS: 
[DEBUG] env.VSCODE_GIT_ASKPASS_MAIN: /home/complex/.vscode-server/bin/7e7950df89d055b5a378379db9ee14290772148a/extensions/git/dist/askpass-main.js
[DEBUG] env.VSCODE_GIT_ASKPASS_NODE: /home/complex/.vscode-server/bin/7e7950df89d055b5a378379db9ee14290772148a/node
[DEBUG] env.VSCODE_GIT_IPC_HANDLE: /run/user/1000/vscode-git-998a45799d.sock
[DEBUG] env.VSCODE_IPC_HOOK_CLI: /run/user/1000/vscode-ipc-68992b2f-f1c8-4ae4-aab6-398a15982115.sock
[DEBUG] env.VSCODE_JAVA_EXEC: /usr/lib/jvm/java-21-openjdk-amd64/bin/java
[DEBUG] env.VSCODE_JDWP_ADAPTER_ENDPOINTS: /home/complex/.vscode-server/extensions/vscjava.vscode-java-debug-0.59.0/.noConfigDebugAdapterEndpoints/endpoint-11a460172161baf6.txt
[DEBUG] env.VSCODE_PYTHON_AUTOACTIVATE_GUARD: 1
[DEBUG] env.WAYLAND_DISPLAY: wayland-0
[DEBUG] env.WSL2_GUI_APPS_ENABLED: 1
[DEBUG] env.WSLENV: VSCODE_WSL_EXT_LOCATION/up
[DEBUG] env.WSL_DISTRO_NAME: Debian
[DEBUG] env.WSL_INTEROP: /run/WSL/815_interop
[DEBUG] env.XDG_RUNTIME_DIR: /run/user/1000
[DEBUG] env._: ./mvnw
[DEBUG] file.encoding: UTF-8
[DEBUG] file.separator: /
[DEBUG] flyway.version: 11.7.2
[DEBUG] freemarker.version: 2.3.34
[DEBUG] git-commit-id-maven-plugin.version: 9.0.2
[DEBUG] glassfish-jaxb.version: 4.0.5
[DEBUG] glassfish-jstl.version: 3.0.1
[DEBUG] graphql-java.version: 24.1
[DEBUG] groovy.version: 4.0.28
[DEBUG] gson.version: 2.13.1
[DEBUG] h2.version: 2.3.232
[DEBUG] hamcrest.version: 3.0
[DEBUG] hazelcast.version: 5.5.0
[DEBUG] hibernate-validator.version: 8.0.3.Final
[DEBUG] hibernate.version: 6.6.26.Final
[DEBUG] hikaricp.version: 6.3.2
[DEBUG] hsqldb.version: 2.7.3
[DEBUG] htmlunit.version: 4.11.1
[DEBUG] httpasyncclient.version: 4.1.5
[DEBUG] httpclient5.version: 5.5
[DEBUG] httpcore.version: 4.4.16
[DEBUG] httpcore5.version: 5.3.4
[DEBUG] infinispan.version: 15.2.5.Final
[DEBUG] influxdb-java.version: 2.25
[DEBUG] jackson-bom.version: 2.19.2
[DEBUG] jakarta-activation.version: 2.1.3
[DEBUG] jakarta-annotation.version: 2.1.1
[DEBUG] jakarta-inject.version: 2.0.1
[DEBUG] jakarta-jms.version: 3.1.0
[DEBUG] jakarta-json-bind.version: 3.0.1
[DEBUG] jakarta-json.version: 2.1.3
[DEBUG] jakarta-mail.version: 2.1.3
[DEBUG] jakarta-management.version: 1.1.4
[DEBUG] jakarta-persistence.version: 3.1.0
[DEBUG] jakarta-servlet-jsp-jstl.version: 3.0.2
[DEBUG] jakarta-servlet.version: 6.0.0
[DEBUG] jakarta-transaction.version: 2.0.1
[DEBUG] jakarta-validation.version: 3.0.2
[DEBUG] jakarta-websocket.version: 2.1.1
[DEBUG] jakarta-ws-rs.version: 3.1.0
[DEBUG] jakarta-xml-bind.version: 4.0.2
[DEBUG] jakarta-xml-soap.version: 3.0.2
[DEBUG] jakarta-xml-ws.version: 4.0.2
[DEBUG] janino.version: 3.1.12
[DEBUG] java.class.path: /home/complex/.m2/wrapper/dists/apache-maven-3.9.11/a2d47e15/boot/plexus-classworlds-2.9.0.jar
[DEBUG] java.class.version: 65.0
[DEBUG] java.home: /usr/lib/jvm/java-21-openjdk-amd64
[DEBUG] java.io.tmpdir: /tmp
[DEBUG] java.library.path: /usr/local/cuda/lib64:/usr/local/cuda/lib64::/usr/java/packages/lib:/usr/lib/x86_64-linux-gnu/jni:/lib/x86_64-linux-gnu:/usr/lib/x86_64-linux-gnu:/usr/lib/jni:/lib:/usr/lib
[DEBUG] java.runtime.name: OpenJDK Runtime Environment
[DEBUG] java.runtime.version: 21.0.11+10-1-deb13u2-Debian
[DEBUG] java.specification.name: Java Platform API Specification
[DEBUG] java.specification.vendor: Oracle Corporation
[DEBUG] java.specification.version: 21
[DEBUG] java.vendor: Debian
[DEBUG] java.vendor.url: https://tracker.debian.org/openjdk-21
[DEBUG] java.vendor.url.bug: https://bugs.debian.org/openjdk-21
[DEBUG] java.version: 21.0.11
[DEBUG] java.version.date: 2026-04-21
[DEBUG] java.vm.compressedOopsMode: 32-bit
[DEBUG] java.vm.info: mixed mode, sharing
[DEBUG] java.vm.name: OpenJDK 64-Bit Server VM
[DEBUG] java.vm.specification.name: Java Virtual Machine Specification
[DEBUG] java.vm.specification.vendor: Oracle Corporation
[DEBUG] java.vm.specification.version: 21
[DEBUG] java.vm.vendor: Debian
[DEBUG] java.vm.version: 21.0.11+10-1-deb13u2-Debian
[DEBUG] javax-cache.version: 1.1.1
[DEBUG] javax-money.version: 1.1
[DEBUG] jaxen.version: 2.0.0
[DEBUG] jaybird.version: 6.0.2
[DEBUG] jboss-logging.version: 3.6.1.Final
[DEBUG] jdk.debug: release
[DEBUG] jdom2.version: 2.0.6.1
[DEBUG] jedis.version: 6.0.0
[DEBUG] jersey.version: 3.1.11
[DEBUG] jetty-reactive-httpclient.version: 4.0.11
[DEBUG] jetty.version: 12.0.25
[DEBUG] jmustache.version: 1.16
[DEBUG] jooq.version: 3.19.25
[DEBUG] json-path.version: 2.9.0
[DEBUG] json-smart.version: 2.5.2
[DEBUG] jsonassert.version: 1.5.3
[DEBUG] jtds.version: 1.3.1
[DEBUG] junit-jupiter.version: 5.12.2
[DEBUG] junit.version: 4.13.2
[DEBUG] kafka.version: 3.9.1
[DEBUG] kotlin-coroutines.version: 1.8.1
[DEBUG] kotlin-serialization.version: 1.6.3
[DEBUG] kotlin.version: 1.9.25
[DEBUG] lettuce.version: 6.6.0.RELEASE
[DEBUG] library.jansi.path: /home/complex/.m2/wrapper/dists/apache-maven-3.9.11/a2d47e15/lib/jansi-native
[DEBUG] line.separator: 

[DEBUG] liquibase.version: 4.31.1
[DEBUG] log4j2.version: 2.24.3
[DEBUG] logback.version: 1.5.18
[DEBUG] lombok.version: 1.18.38
[DEBUG] mariadb.version: 3.5.5
[DEBUG] maven-antrun-plugin.version: 3.1.0
[DEBUG] maven-assembly-plugin.version: 3.7.1
[DEBUG] maven-clean-plugin.version: 3.4.1
[DEBUG] maven-compiler-plugin.version: 3.14.0
[DEBUG] maven-dependency-plugin.version: 3.8.1
[DEBUG] maven-deploy-plugin.version: 3.1.4
[DEBUG] maven-enforcer-plugin.version: 3.5.0
[DEBUG] maven-failsafe-plugin.version: 3.5.3
[DEBUG] maven-help-plugin.version: 3.5.1
[DEBUG] maven-install-plugin.version: 3.1.4
[DEBUG] maven-invoker-plugin.version: 3.9.1
[DEBUG] maven-jar-plugin.version: 3.4.2
[DEBUG] maven-javadoc-plugin.version: 3.11.3
[DEBUG] maven-resources-plugin.version: 3.3.1
[DEBUG] maven-shade-plugin.version: 3.6.0
[DEBUG] maven-source-plugin.version: 3.3.1
[DEBUG] maven-surefire-plugin.version: 3.5.3
[DEBUG] maven-war-plugin.version: 3.4.0
[DEBUG] maven.build.timestamp: 2026-06-28T20:34:22Z
[DEBUG] maven.build.version: Apache Maven 3.9.11 (3e54c93a704957b63ee3494413a2b544fd3d825b)
[DEBUG] maven.compiler.release: 21
[DEBUG] maven.conf: /home/complex/.m2/wrapper/dists/apache-maven-3.9.11/a2d47e15/conf
[DEBUG] maven.home: /home/complex/.m2/wrapper/dists/apache-maven-3.9.11/a2d47e15
[DEBUG] maven.multiModuleProjectDirectory: /home/complex/projects/Auction_Project/backend
[DEBUG] maven.version: 3.9.11
[DEBUG] micrometer-tracing.version: 1.5.3
[DEBUG] micrometer.version: 1.15.3
[DEBUG] mockito.version: 5.17.0
[DEBUG] mongodb.version: 5.5.1
[DEBUG] mssql-jdbc.version: 12.10.1.jre11
[DEBUG] mysql.version: 9.4.0
[DEBUG] native-build-tools-plugin.version: 0.10.6
[DEBUG] native.encoding: UTF-8
[DEBUG] nekohtml.version: 1.9.22
[DEBUG] neo4j-java-driver.version: 5.28.9
[DEBUG] netty.version: 4.1.124.Final
[DEBUG] opentelemetry.version: 1.49.0
[DEBUG] oracle-database.version: 23.7.0.25.01
[DEBUG] oracle-r2dbc.version: 1.3.0
[DEBUG] os.arch: amd64
[DEBUG] os.name: Linux
[DEBUG] os.version: 6.18.33.2-microsoft-standard-WSL2
[DEBUG] path.separator: :
[DEBUG] pooled-jms.version: 3.1.7
[DEBUG] postgresql.version: 42.7.7
[DEBUG] project.baseUri: file:/home/complex/projects/Auction_Project/backend/
[DEBUG] project.build.sourceEncoding: UTF-8
[DEBUG] project.reporting.outputEncoding: UTF-8
[DEBUG] prometheus-client.version: 1.3.10
[DEBUG] prometheus-simpleclient.version: 0.16.0
[DEBUG] pulsar-reactive.version: 0.6.0
[DEBUG] pulsar.version: 4.0.6
[DEBUG] quartz.version: 2.5.0
[DEBUG] querydsl.version: 5.1.0
[DEBUG] r2dbc-h2.version: 1.0.0.RELEASE
[DEBUG] r2dbc-mariadb.version: 1.3.0
[DEBUG] r2dbc-mssql.version: 1.0.2.RELEASE
[DEBUG] r2dbc-mysql.version: 1.4.1
[DEBUG] r2dbc-pool.version: 1.0.2.RELEASE
[DEBUG] r2dbc-postgresql.version: 1.0.7.RELEASE
[DEBUG] r2dbc-proxy.version: 1.1.6.RELEASE
[DEBUG] r2dbc-spi.version: 1.0.0.RELEASE
[DEBUG] rabbit-amqp-client.version: 5.25.0
[DEBUG] rabbit-stream-client.version: 0.23.0
[DEBUG] reactive-streams.version: 1.0.4
[DEBUG] reactor-bom.version: 2024.0.9
[DEBUG] resource.delimiter: @
[DEBUG] rest-assured.version: 5.5.6
[DEBUG] rsocket.version: 1.1.5
[DEBUG] rxjava3.version: 3.1.11
[DEBUG] saaj-impl.version: 3.0.4
[DEBUG] selenium-htmlunit.version: 4.30.0
[DEBUG] selenium.version: 4.31.0
[DEBUG] sendgrid.version: 4.10.3
[DEBUG] slf4j.version: 2.0.17
[DEBUG] snakeyaml.version: 2.4
[DEBUG] spring-amqp.version: 3.2.6
[DEBUG] spring-authorization-server.version: 1.5.2
[DEBUG] spring-batch.version: 5.2.2
[DEBUG] spring-boot.run.main-class: ${start-class}
[DEBUG] spring-data-bom.version: 2025.0.3
[DEBUG] spring-framework.version: 6.2.10
[DEBUG] spring-graphql.version: 1.4.1
[DEBUG] spring-hateoas.version: 2.5.1
[DEBUG] spring-integration.version: 6.5.1
[DEBUG] spring-kafka.version: 3.3.9
[DEBUG] spring-ldap.version: 3.3.3
[DEBUG] spring-pulsar.version: 1.2.9
[DEBUG] spring-restdocs.version: 3.0.5
[DEBUG] spring-retry.version: 2.0.12
[DEBUG] spring-security.version: 6.5.3
[DEBUG] spring-session.version: 3.5.2
[DEBUG] spring-ws.version: 4.1.1
[DEBUG] sqlite-jdbc.version: 3.49.1.0
[DEBUG] stderr.encoding: UTF-8
[DEBUG] stdout.encoding: UTF-8
[DEBUG] sun.arch.data.model: 64
[DEBUG] sun.boot.library.path: /usr/lib/jvm/java-21-openjdk-amd64/lib
[DEBUG] sun.cpu.endian: little
[DEBUG] sun.io.unicode.encoding: UnicodeLittle
[DEBUG] sun.java.command: org.codehaus.plexus.classworlds.launcher.Launcher -Dtest=BackendApplicationTests test -X
[DEBUG] sun.java.launcher: SUN_STANDARD
[DEBUG] sun.jnu.encoding: UTF-8
[DEBUG] sun.management.compiler: HotSpot 64-Bit Tiered Compilers
[DEBUG] test: BackendApplicationTests
[DEBUG] testcontainers-redis-module.version: 2.2.4
[DEBUG] testcontainers.version: 1.21.3
[DEBUG] thymeleaf-extras-data-attribute.version: 2.0.1
[DEBUG] thymeleaf-extras-springsecurity.version: 3.1.3.RELEASE
[DEBUG] thymeleaf-layout-dialect.version: 3.4.0
[DEBUG] thymeleaf.version: 3.1.3.RELEASE
[DEBUG] tomcat.version: 10.1.44
[DEBUG] unboundid-ldapsdk.version: 7.0.3
[DEBUG] undertow.version: 2.3.18.Final
[DEBUG] user.country: US
[DEBUG] user.dir: /home/complex/projects/Auction_Project/backend
[DEBUG] user.home: /home/complex
[DEBUG] user.language: en
[DEBUG] user.name: complex
[DEBUG] versions-maven-plugin.version: 2.18.0
[DEBUG] vibur.version: 26.0
[DEBUG] webjars-locator-core.version: 0.59
[DEBUG] webjars-locator-lite.version: 1.1.0
[DEBUG] wsdl4j.version: 1.6.3
[DEBUG] xml-maven-plugin.version: 1.1.0
[DEBUG] xmlunit2.version: 2.10.3
[DEBUG] yasson.version: 3.0.4
[DEBUG] zipkin-reporter.version: 3.5.1
[DEBUG] Using 'UTF-8' encoding to copy filtered resources.
[DEBUG] Using 'UTF-8' encoding to copy filtered properties files.
[DEBUG] resource with targetPath null
directory /home/complex/projects/Auction_Project/backend/src/test/resources
excludes []
includes []
[DEBUG] ignoreDelta true
[INFO] Copying 1 resource from src/test/resources to target/test-classes
[DEBUG] Copying file application-test.properties
[DEBUG] file application-test.properties has a filtered file extension
[DEBUG] Using 'UTF-8' encoding to copy filtered resource 'application-test.properties'.
[DEBUG] copy /home/complex/projects/Auction_Project/backend/src/test/resources/application-test.properties to /home/complex/projects/Auction_Project/backend/target/test-classes/application-test.properties
[DEBUG] no user filter components
[INFO] 
[INFO] --- compiler:3.14.0:testCompile (default-testCompile) @ auction ---
[DEBUG] Loading mojo org.apache.maven.plugins:maven-compiler-plugin:3.14.0:testCompile from plugin realm ClassRealm[plugin>org.apache.maven.plugins:maven-compiler-plugin:3.14.0, parent: jdk.internal.loader.ClassLoaders$AppClassLoader@c387f44]
[DEBUG] Configuring mojo execution 'org.apache.maven.plugins:maven-compiler-plugin:3.14.0:testCompile:default-testCompile' with basic configurator -->
[DEBUG]   (f) annotationProcessorPathsUseDepMgmt = false
[DEBUG]   (f) basedir = /home/complex/projects/Auction_Project/backend
[DEBUG]   (f) buildDirectory = /home/complex/projects/Auction_Project/backend/target
[DEBUG]   (f) compileSourceRoots = [/home/complex/projects/Auction_Project/backend/src/test/java]
[DEBUG]   (f) compilerId = javac
[DEBUG]   (f) createMissingPackageInfoClass = true
[DEBUG]   (f) debug = true
[DEBUG]   (f) debugFileName = javac-test
[DEBUG]   (f) enablePreview = false
[DEBUG]   (f) encoding = UTF-8
[DEBUG]   (f) failOnError = true
[DEBUG]   (f) failOnWarning = false
[DEBUG]   (f) fileExtensions = [jar, class]
[DEBUG]   (f) forceJavacCompilerUse = false
[DEBUG]   (f) forceLegacyJavacApi = false
[DEBUG]   (f) fork = false
[DEBUG]   (f) generatedTestSourcesDirectory = /home/complex/projects/Auction_Project/backend/target/generated-test-sources/test-annotations
[DEBUG]   (f) mojoExecution = org.apache.maven.plugins:maven-compiler-plugin:3.14.0:testCompile {execution: default-testCompile}
[DEBUG]   (f) optimize = false
[DEBUG]   (f) outputDirectory = /home/complex/projects/Auction_Project/backend/target/test-classes
[DEBUG]   (f) parameters = true
[DEBUG]   (f) project = MavenProject: com.complex:auction:0.0.1-SNAPSHOT @ /home/complex/projects/Auction_Project/backend/pom.xml
[DEBUG]   (s) release = 21
[DEBUG]   (f) session = org.apache.maven.execution.MavenSession@fc807c1
[DEBUG]   (f) showCompilationChanges = false
[DEBUG]   (f) showDeprecation = false
[DEBUG]   (f) showWarnings = true
[DEBUG]   (f) skipMultiThreadWarning = false
[DEBUG]   (f) source = 1.8
[DEBUG]   (f) staleMillis = 0
[DEBUG]   (s) target = 1.8
[DEBUG]   (f) testPath = [/home/complex/projects/Auction_Project/backend/target/test-classes, /home/complex/projects/Auction_Project/backend/target/classes, /home/complex/.m2/repository/org/springframework/boot/spring-boot-starter-security/3.5.5/spring-boot-starter-security-3.5.5.jar, /home/complex/.m2/repository/org/springframework/boot/spring-boot-starter/3.5.5/spring-boot-starter-3.5.5.jar, /home/complex/.m2/repository/org/springframework/boot/spring-boot-starter-logging/3.5.5/spring-boot-starter-logging-3.5.5.jar, /home/complex/.m2/repository/ch/qos/logback/logback-classic/1.5.18/logback-classic-1.5.18.jar, /home/complex/.m2/repository/ch/qos/logback/logback-core/1.5.18/logback-core-1.5.18.jar, /home/complex/.m2/repository/org/apache/logging/log4j/log4j-to-slf4j/2.24.3/log4j-to-slf4j-2.24.3.jar, /home/complex/.m2/repository/org/apache/logging/log4j/log4j-api/2.24.3/log4j-api-2.24.3.jar, /home/complex/.m2/repository/org/slf4j/jul-to-slf4j/2.0.17/jul-to-slf4j-2.0.17.jar, /home/complex/.m2/repository/jakarta/annotation/jakarta.annotation-api/2.1.1/jakarta.annotation-api-2.1.1.jar, /home/complex/.m2/repository/org/yaml/snakeyaml/2.4/snakeyaml-2.4.jar, /home/complex/.m2/repository/org/springframework/spring-aop/6.2.10/spring-aop-6.2.10.jar, /home/complex/.m2/repository/org/springframework/spring-beans/6.2.10/spring-beans-6.2.10.jar, /home/complex/.m2/repository/org/springframework/security/spring-security-config/6.5.3/spring-security-config-6.5.3.jar, /home/complex/.m2/repository/org/springframework/spring-context/6.2.10/spring-context-6.2.10.jar, /home/complex/.m2/repository/org/springframework/security/spring-security-web/6.5.3/spring-security-web-6.5.3.jar, /home/complex/.m2/repository/org/springframework/spring-expression/6.2.10/spring-expression-6.2.10.jar, /home/complex/.m2/repository/org/springframework/boot/spring-boot-starter-web/3.5.5/spring-boot-starter-web-3.5.5.jar, /home/complex/.m2/repository/org/springframework/boot/spring-boot-starter-json/3.5.5/spring-boot-starter-json-3.5.5.jar, /home/complex/.m2/repository/com/fasterxml/jackson/datatype/jackson-datatype-jdk8/2.19.2/jackson-datatype-jdk8-2.19.2.jar, /home/complex/.m2/repository/com/fasterxml/jackson/datatype/jackson-datatype-jsr310/2.19.2/jackson-datatype-jsr310-2.19.2.jar, /home/complex/.m2/repository/com/fasterxml/jackson/module/jackson-module-parameter-names/2.19.2/jackson-module-parameter-names-2.19.2.jar, /home/complex/.m2/repository/org/springframework/boot/spring-boot-starter-tomcat/3.5.5/spring-boot-starter-tomcat-3.5.5.jar, /home/complex/.m2/repository/org/apache/tomcat/embed/tomcat-embed-core/10.1.44/tomcat-embed-core-10.1.44.jar, /home/complex/.m2/repository/org/apache/tomcat/embed/tomcat-embed-websocket/10.1.44/tomcat-embed-websocket-10.1.44.jar, /home/complex/.m2/repository/org/springframework/spring-web/6.2.10/spring-web-6.2.10.jar, /home/complex/.m2/repository/io/micrometer/micrometer-observation/1.15.3/micrometer-observation-1.15.3.jar, /home/complex/.m2/repository/io/micrometer/micrometer-commons/1.15.3/micrometer-commons-1.15.3.jar, /home/complex/.m2/repository/org/springframework/spring-webmvc/6.2.10/spring-webmvc-6.2.10.jar, /home/complex/.m2/repository/org/springframework/boot/spring-boot-devtools/3.5.5/spring-boot-devtools-3.5.5.jar, /home/complex/.m2/repository/org/springframework/boot/spring-boot/3.5.5/spring-boot-3.5.5.jar, /home/complex/.m2/repository/org/springframework/boot/spring-boot-autoconfigure/3.5.5/spring-boot-autoconfigure-3.5.5.jar, /home/complex/.m2/repository/org/springframework/boot/spring-boot-starter-test/3.5.5/spring-boot-starter-test-3.5.5.jar, /home/complex/.m2/repository/org/springframework/boot/spring-boot-test/3.5.5/spring-boot-test-3.5.5.jar, /home/complex/.m2/repository/org/springframework/boot/spring-boot-test-autoconfigure/3.5.5/spring-boot-test-autoconfigure-3.5.5.jar, /home/complex/.m2/repository/com/jayway/jsonpath/json-path/2.9.0/json-path-2.9.0.jar, /home/complex/.m2/repository/org/slf4j/slf4j-api/2.0.17/slf4j-api-2.0.17.jar, /home/complex/.m2/repository/jakarta/xml/bind/jakarta.xml.bind-api/4.0.2/jakarta.xml.bind-api-4.0.2.jar, /home/complex/.m2/repository/jakarta/activation/jakarta.activation-api/2.1.3/jakarta.activation-api-2.1.3.jar, /home/complex/.m2/repository/net/minidev/json-smart/2.5.2/json-smart-2.5.2.jar, /home/complex/.m2/repository/net/minidev/accessors-smart/2.5.2/accessors-smart-2.5.2.jar, /home/complex/.m2/repository/org/ow2/asm/asm/9.7.1/asm-9.7.1.jar, /home/complex/.m2/repository/org/assertj/assertj-core/3.27.4/assertj-core-3.27.4.jar, /home/complex/.m2/repository/net/bytebuddy/byte-buddy/1.17.7/byte-buddy-1.17.7.jar, /home/complex/.m2/repository/org/awaitility/awaitility/4.2.2/awaitility-4.2.2.jar, /home/complex/.m2/repository/org/hamcrest/hamcrest/3.0/hamcrest-3.0.jar, /home/complex/.m2/repository/org/junit/jupiter/junit-jupiter/5.12.2/junit-jupiter-5.12.2.jar, /home/complex/.m2/repository/org/junit/jupiter/junit-jupiter-api/5.12.2/junit-jupiter-api-5.12.2.jar, /home/complex/.m2/repository/org/opentest4j/opentest4j/1.3.0/opentest4j-1.3.0.jar, /home/complex/.m2/repository/org/junit/platform/junit-platform-commons/1.12.2/junit-platform-commons-1.12.2.jar, /home/complex/.m2/repository/org/apiguardian/apiguardian-api/1.1.2/apiguardian-api-1.1.2.jar, /home/complex/.m2/repository/org/junit/jupiter/junit-jupiter-params/5.12.2/junit-jupiter-params-5.12.2.jar, /home/complex/.m2/repository/org/junit/jupiter/junit-jupiter-engine/5.12.2/junit-jupiter-engine-5.12.2.jar, /home/complex/.m2/repository/org/junit/platform/junit-platform-engine/1.12.2/junit-platform-engine-1.12.2.jar, /home/complex/.m2/repository/org/mockito/mockito-core/5.17.0/mockito-core-5.17.0.jar, /home/complex/.m2/repository/net/bytebuddy/byte-buddy-agent/1.17.7/byte-buddy-agent-1.17.7.jar, /home/complex/.m2/repository/org/objenesis/objenesis/3.3/objenesis-3.3.jar, /home/complex/.m2/repository/org/mockito/mockito-junit-jupiter/5.17.0/mockito-junit-jupiter-5.17.0.jar, /home/complex/.m2/repository/org/skyscreamer/jsonassert/1.5.3/jsonassert-1.5.3.jar, /home/complex/.m2/repository/com/vaadin/external/google/android-json/0.0.20131108.vaadin1/android-json-0.0.20131108.vaadin1.jar, /home/complex/.m2/repository/org/springframework/spring-core/6.2.10/spring-core-6.2.10.jar, /home/complex/.m2/repository/org/springframework/spring-jcl/6.2.10/spring-jcl-6.2.10.jar, /home/complex/.m2/repository/org/springframework/spring-test/6.2.10/spring-test-6.2.10.jar, /home/complex/.m2/repository/org/xmlunit/xmlunit-core/2.10.3/xmlunit-core-2.10.3.jar, /home/complex/.m2/repository/org/springframework/boot/spring-boot-testcontainers/3.5.5/spring-boot-testcontainers-3.5.5.jar, /home/complex/.m2/repository/org/testcontainers/testcontainers/1.21.3/testcontainers-1.21.3.jar, /home/complex/.m2/repository/junit/junit/4.13.2/junit-4.13.2.jar, /home/complex/.m2/repository/org/hamcrest/hamcrest-core/3.0/hamcrest-core-3.0.jar, /home/complex/.m2/repository/org/apache/commons/commons-compress/1.24.0/commons-compress-1.24.0.jar, /home/complex/.m2/repository/org/rnorth/duct-tape/duct-tape/1.0.8/duct-tape-1.0.8.jar, /home/complex/.m2/repository/org/jetbrains/annotations/17.0.0/annotations-17.0.0.jar, /home/complex/.m2/repository/com/github/docker-java/docker-java-api/3.4.2/docker-java-api-3.4.2.jar, /home/complex/.m2/repository/com/github/docker-java/docker-java-transport-zerodep/3.4.2/docker-java-transport-zerodep-3.4.2.jar, /home/complex/.m2/repository/com/github/docker-java/docker-java-transport/3.4.2/docker-java-transport-3.4.2.jar, /home/complex/.m2/repository/net/java/dev/jna/jna/5.13.0/jna-5.13.0.jar, /home/complex/.m2/repository/org/springframework/security/spring-security-test/6.5.3/spring-security-test-6.5.3.jar, /home/complex/.m2/repository/org/springframework/security/spring-security-core/6.5.3/spring-security-core-6.5.3.jar, /home/complex/.m2/repository/org/springframework/security/spring-security-crypto/6.5.3/spring-security-crypto-6.5.3.jar, /home/complex/.m2/repository/org/testcontainers/junit-jupiter/1.21.3/junit-jupiter-1.21.3.jar, /home/complex/.m2/repository/org/postgresql/postgresql/42.7.7/postgresql-42.7.7.jar, /home/complex/.m2/repository/org/checkerframework/checker-qual/3.49.3/checker-qual-3.49.3.jar, /home/complex/.m2/repository/org/springframework/boot/spring-boot-starter-data-jpa/3.5.5/spring-boot-starter-data-jpa-3.5.5.jar, /home/complex/.m2/repository/org/springframework/boot/spring-boot-starter-jdbc/3.5.5/spring-boot-starter-jdbc-3.5.5.jar, /home/complex/.m2/repository/com/zaxxer/HikariCP/6.3.2/HikariCP-6.3.2.jar, /home/complex/.m2/repository/org/springframework/spring-jdbc/6.2.10/spring-jdbc-6.2.10.jar, /home/complex/.m2/repository/org/hibernate/orm/hibernate-core/6.6.26.Final/hibernate-core-6.6.26.Final.jar, /home/complex/.m2/repository/jakarta/persistence/jakarta.persistence-api/3.1.0/jakarta.persistence-api-3.1.0.jar, /home/complex/.m2/repository/jakarta/transaction/jakarta.transaction-api/2.0.1/jakarta.transaction-api-2.0.1.jar, /home/complex/.m2/repository/org/jboss/logging/jboss-logging/3.6.1.Final/jboss-logging-3.6.1.Final.jar, /home/complex/.m2/repository/org/hibernate/common/hibernate-commons-annotations/7.0.3.Final/hibernate-commons-annotations-7.0.3.Final.jar, /home/complex/.m2/repository/io/smallrye/jandex/3.2.0/jandex-3.2.0.jar, /home/complex/.m2/repository/com/fasterxml/classmate/1.7.0/classmate-1.7.0.jar, /home/complex/.m2/repository/org/glassfish/jaxb/jaxb-runtime/4.0.5/jaxb-runtime-4.0.5.jar, /home/complex/.m2/repository/org/glassfish/jaxb/jaxb-core/4.0.5/jaxb-core-4.0.5.jar, /home/complex/.m2/repository/org/eclipse/angus/angus-activation/2.0.2/angus-activation-2.0.2.jar, /home/complex/.m2/repository/org/glassfish/jaxb/txw2/4.0.5/txw2-4.0.5.jar, /home/complex/.m2/repository/com/sun/istack/istack-commons-runtime/4.1.2/istack-commons-runtime-4.1.2.jar, /home/complex/.m2/repository/jakarta/inject/jakarta.inject-api/2.0.1/jakarta.inject-api-2.0.1.jar, /home/complex/.m2/repository/org/antlr/antlr4-runtime/4.13.0/antlr4-runtime-4.13.0.jar, /home/complex/.m2/repository/org/springframework/data/spring-data-jpa/3.5.3/spring-data-jpa-3.5.3.jar, /home/complex/.m2/repository/org/springframework/data/spring-data-commons/3.5.3/spring-data-commons-3.5.3.jar, /home/complex/.m2/repository/org/springframework/spring-orm/6.2.10/spring-orm-6.2.10.jar, /home/complex/.m2/repository/org/springframework/spring-tx/6.2.10/spring-tx-6.2.10.jar, /home/complex/.m2/repository/org/springframework/spring-aspects/6.2.10/spring-aspects-6.2.10.jar, /home/complex/.m2/repository/org/aspectj/aspectjweaver/1.9.24/aspectjweaver-1.9.24.jar, /home/complex/.m2/repository/org/springframework/boot/spring-boot-starter-validation/3.5.5/spring-boot-starter-validation-3.5.5.jar, /home/complex/.m2/repository/org/apache/tomcat/embed/tomcat-embed-el/10.1.44/tomcat-embed-el-10.1.44.jar, /home/complex/.m2/repository/org/hibernate/validator/hibernate-validator/8.0.3.Final/hibernate-validator-8.0.3.Final.jar, /home/complex/.m2/repository/jakarta/validation/jakarta.validation-api/3.0.2/jakarta.validation-api-3.0.2.jar, /home/complex/.m2/repository/io/jsonwebtoken/jjwt-api/0.12.5/jjwt-api-0.12.5.jar, /home/complex/.m2/repository/io/jsonwebtoken/jjwt-impl/0.12.5/jjwt-impl-0.12.5.jar, /home/complex/.m2/repository/io/jsonwebtoken/jjwt-jackson/0.12.5/jjwt-jackson-0.12.5.jar, /home/complex/.m2/repository/com/fasterxml/jackson/core/jackson-databind/2.19.2/jackson-databind-2.19.2.jar, /home/complex/.m2/repository/com/fasterxml/jackson/core/jackson-annotations/2.19.2/jackson-annotations-2.19.2.jar, /home/complex/.m2/repository/com/fasterxml/jackson/core/jackson-core/2.19.2/jackson-core-2.19.2.jar, /home/complex/.m2/repository/com/h2database/h2/2.3.232/h2-2.3.232.jar]
[DEBUG]   (f) useIncrementalCompilation = true
[DEBUG]   (f) useModulePath = true
[DEBUG]   (f) verbose = false
[DEBUG] -- end configuration --
[DEBUG] Using compiler 'javac'.
[DEBUG] Adding /home/complex/projects/Auction_Project/backend/target/generated-test-sources/test-annotations to test-compile source roots:
  /home/complex/projects/Auction_Project/backend/src/test/java
[DEBUG] New test-compile source roots:
  /home/complex/projects/Auction_Project/backend/src/test/java
  /home/complex/projects/Auction_Project/backend/target/generated-test-sources/test-annotations
[DEBUG] CompilerReuseStrategy: reuseCreated
[DEBUG] useIncrementalCompilation enabled
[INFO] 	Input tree files (-): /home/complex/projects/Auction_Project/backend/src/test/java/com/complex/auction/TestBackendApplication.java
[INFO] 	Input tree files (-): /home/complex/projects/Auction_Project/backend/src/test/java/com/complex/auction/TestcontainersConfiguration.java
[INFO] Recompiling the module because of added or removed source files.
[DEBUG] Classpath:
[DEBUG]  /home/complex/projects/Auction_Project/backend/target/test-classes
[DEBUG]  /home/complex/projects/Auction_Project/backend/target/classes
[DEBUG]  /home/complex/.m2/repository/org/springframework/boot/spring-boot-starter-security/3.5.5/spring-boot-starter-security-3.5.5.jar
[DEBUG]  /home/complex/.m2/repository/org/springframework/boot/spring-boot-starter/3.5.5/spring-boot-starter-3.5.5.jar
[DEBUG]  /home/complex/.m2/repository/org/springframework/boot/spring-boot-starter-logging/3.5.5/spring-boot-starter-logging-3.5.5.jar
[DEBUG]  /home/complex/.m2/repository/ch/qos/logback/logback-classic/1.5.18/logback-classic-1.5.18.jar
[DEBUG]  /home/complex/.m2/repository/ch/qos/logback/logback-core/1.5.18/logback-core-1.5.18.jar
[DEBUG]  /home/complex/.m2/repository/org/apache/logging/log4j/log4j-to-slf4j/2.24.3/log4j-to-slf4j-2.24.3.jar
[DEBUG]  /home/complex/.m2/repository/org/apache/logging/log4j/log4j-api/2.24.3/log4j-api-2.24.3.jar
[DEBUG]  /home/complex/.m2/repository/org/slf4j/jul-to-slf4j/2.0.17/jul-to-slf4j-2.0.17.jar
[DEBUG]  /home/complex/.m2/repository/jakarta/annotation/jakarta.annotation-api/2.1.1/jakarta.annotation-api-2.1.1.jar
[DEBUG]  /home/complex/.m2/repository/org/yaml/snakeyaml/2.4/snakeyaml-2.4.jar
[DEBUG]  /home/complex/.m2/repository/org/springframework/spring-aop/6.2.10/spring-aop-6.2.10.jar
[DEBUG]  /home/complex/.m2/repository/org/springframework/spring-beans/6.2.10/spring-beans-6.2.10.jar
[DEBUG]  /home/complex/.m2/repository/org/springframework/security/spring-security-config/6.5.3/spring-security-config-6.5.3.jar
[DEBUG]  /home/complex/.m2/repository/org/springframework/spring-context/6.2.10/spring-context-6.2.10.jar
[DEBUG]  /home/complex/.m2/repository/org/springframework/security/spring-security-web/6.5.3/spring-security-web-6.5.3.jar
[DEBUG]  /home/complex/.m2/repository/org/springframework/spring-expression/6.2.10/spring-expression-6.2.10.jar
[DEBUG]  /home/complex/.m2/repository/org/springframework/boot/spring-boot-starter-web/3.5.5/spring-boot-starter-web-3.5.5.jar
[DEBUG]  /home/complex/.m2/repository/org/springframework/boot/spring-boot-starter-json/3.5.5/spring-boot-starter-json-3.5.5.jar
[DEBUG]  /home/complex/.m2/repository/com/fasterxml/jackson/datatype/jackson-datatype-jdk8/2.19.2/jackson-datatype-jdk8-2.19.2.jar
[DEBUG]  /home/complex/.m2/repository/com/fasterxml/jackson/datatype/jackson-datatype-jsr310/2.19.2/jackson-datatype-jsr310-2.19.2.jar
[DEBUG]  /home/complex/.m2/repository/com/fasterxml/jackson/module/jackson-module-parameter-names/2.19.2/jackson-module-parameter-names-2.19.2.jar
[DEBUG]  /home/complex/.m2/repository/org/springframework/boot/spring-boot-starter-tomcat/3.5.5/spring-boot-starter-tomcat-3.5.5.jar
[DEBUG]  /home/complex/.m2/repository/org/apache/tomcat/embed/tomcat-embed-core/10.1.44/tomcat-embed-core-10.1.44.jar
[DEBUG]  /home/complex/.m2/repository/org/apache/tomcat/embed/tomcat-embed-websocket/10.1.44/tomcat-embed-websocket-10.1.44.jar
[DEBUG]  /home/complex/.m2/repository/org/springframework/spring-web/6.2.10/spring-web-6.2.10.jar
[DEBUG]  /home/complex/.m2/repository/io/micrometer/micrometer-observation/1.15.3/micrometer-observation-1.15.3.jar
[DEBUG]  /home/complex/.m2/repository/io/micrometer/micrometer-commons/1.15.3/micrometer-commons-1.15.3.jar
[DEBUG]  /home/complex/.m2/repository/org/springframework/spring-webmvc/6.2.10/spring-webmvc-6.2.10.jar
[DEBUG]  /home/complex/.m2/repository/org/springframework/boot/spring-boot-devtools/3.5.5/spring-boot-devtools-3.5.5.jar
[DEBUG]  /home/complex/.m2/repository/org/springframework/boot/spring-boot/3.5.5/spring-boot-3.5.5.jar
[DEBUG]  /home/complex/.m2/repository/org/springframework/boot/spring-boot-autoconfigure/3.5.5/spring-boot-autoconfigure-3.5.5.jar
[DEBUG]  /home/complex/.m2/repository/org/springframework/boot/spring-boot-starter-test/3.5.5/spring-boot-starter-test-3.5.5.jar
[DEBUG]  /home/complex/.m2/repository/org/springframework/boot/spring-boot-test/3.5.5/spring-boot-test-3.5.5.jar
[DEBUG]  /home/complex/.m2/repository/org/springframework/boot/spring-boot-test-autoconfigure/3.5.5/spring-boot-test-autoconfigure-3.5.5.jar
[DEBUG]  /home/complex/.m2/repository/com/jayway/jsonpath/json-path/2.9.0/json-path-2.9.0.jar
[DEBUG]  /home/complex/.m2/repository/org/slf4j/slf4j-api/2.0.17/slf4j-api-2.0.17.jar
[DEBUG]  /home/complex/.m2/repository/jakarta/xml/bind/jakarta.xml.bind-api/4.0.2/jakarta.xml.bind-api-4.0.2.jar
[DEBUG]  /home/complex/.m2/repository/jakarta/activation/jakarta.activation-api/2.1.3/jakarta.activation-api-2.1.3.jar
[DEBUG]  /home/complex/.m2/repository/net/minidev/json-smart/2.5.2/json-smart-2.5.2.jar
[DEBUG]  /home/complex/.m2/repository/net/minidev/accessors-smart/2.5.2/accessors-smart-2.5.2.jar
[DEBUG]  /home/complex/.m2/repository/org/ow2/asm/asm/9.7.1/asm-9.7.1.jar
[DEBUG]  /home/complex/.m2/repository/org/assertj/assertj-core/3.27.4/assertj-core-3.27.4.jar
[DEBUG]  /home/complex/.m2/repository/net/bytebuddy/byte-buddy/1.17.7/byte-buddy-1.17.7.jar
[DEBUG]  /home/complex/.m2/repository/org/awaitility/awaitility/4.2.2/awaitility-4.2.2.jar
[DEBUG]  /home/complex/.m2/repository/org/hamcrest/hamcrest/3.0/hamcrest-3.0.jar
[DEBUG]  /home/complex/.m2/repository/org/junit/jupiter/junit-jupiter/5.12.2/junit-jupiter-5.12.2.jar
[DEBUG]  /home/complex/.m2/repository/org/junit/jupiter/junit-jupiter-api/5.12.2/junit-jupiter-api-5.12.2.jar
[DEBUG]  /home/complex/.m2/repository/org/opentest4j/opentest4j/1.3.0/opentest4j-1.3.0.jar
[DEBUG]  /home/complex/.m2/repository/org/junit/platform/junit-platform-commons/1.12.2/junit-platform-commons-1.12.2.jar
[DEBUG]  /home/complex/.m2/repository/org/apiguardian/apiguardian-api/1.1.2/apiguardian-api-1.1.2.jar
[DEBUG]  /home/complex/.m2/repository/org/junit/jupiter/junit-jupiter-params/5.12.2/junit-jupiter-params-5.12.2.jar
[DEBUG]  /home/complex/.m2/repository/org/junit/jupiter/junit-jupiter-engine/5.12.2/junit-jupiter-engine-5.12.2.jar
[DEBUG]  /home/complex/.m2/repository/org/junit/platform/junit-platform-engine/1.12.2/junit-platform-engine-1.12.2.jar
[DEBUG]  /home/complex/.m2/repository/org/mockito/mockito-core/5.17.0/mockito-core-5.17.0.jar
[DEBUG]  /home/complex/.m2/repository/net/bytebuddy/byte-buddy-agent/1.17.7/byte-buddy-agent-1.17.7.jar
[DEBUG]  /home/complex/.m2/repository/org/objenesis/objenesis/3.3/objenesis-3.3.jar
[DEBUG]  /home/complex/.m2/repository/org/mockito/mockito-junit-jupiter/5.17.0/mockito-junit-jupiter-5.17.0.jar
[DEBUG]  /home/complex/.m2/repository/org/skyscreamer/jsonassert/1.5.3/jsonassert-1.5.3.jar
[DEBUG]  /home/complex/.m2/repository/com/vaadin/external/google/android-json/0.0.20131108.vaadin1/android-json-0.0.20131108.vaadin1.jar
[DEBUG]  /home/complex/.m2/repository/org/springframework/spring-core/6.2.10/spring-core-6.2.10.jar
[DEBUG]  /home/complex/.m2/repository/org/springframework/spring-jcl/6.2.10/spring-jcl-6.2.10.jar
[DEBUG]  /home/complex/.m2/repository/org/springframework/spring-test/6.2.10/spring-test-6.2.10.jar
[DEBUG]  /home/complex/.m2/repository/org/xmlunit/xmlunit-core/2.10.3/xmlunit-core-2.10.3.jar
[DEBUG]  /home/complex/.m2/repository/org/springframework/boot/spring-boot-testcontainers/3.5.5/spring-boot-testcontainers-3.5.5.jar
[DEBUG]  /home/complex/.m2/repository/org/testcontainers/testcontainers/1.21.3/testcontainers-1.21.3.jar
[DEBUG]  /home/complex/.m2/repository/junit/junit/4.13.2/junit-4.13.2.jar
[DEBUG]  /home/complex/.m2/repository/org/hamcrest/hamcrest-core/3.0/hamcrest-core-3.0.jar
[DEBUG]  /home/complex/.m2/repository/org/apache/commons/commons-compress/1.24.0/commons-compress-1.24.0.jar
[DEBUG]  /home/complex/.m2/repository/org/rnorth/duct-tape/duct-tape/1.0.8/duct-tape-1.0.8.jar
[DEBUG]  /home/complex/.m2/repository/org/jetbrains/annotations/17.0.0/annotations-17.0.0.jar
[DEBUG]  /home/complex/.m2/repository/com/github/docker-java/docker-java-api/3.4.2/docker-java-api-3.4.2.jar
[DEBUG]  /home/complex/.m2/repository/com/github/docker-java/docker-java-transport-zerodep/3.4.2/docker-java-transport-zerodep-3.4.2.jar
[DEBUG]  /home/complex/.m2/repository/com/github/docker-java/docker-java-transport/3.4.2/docker-java-transport-3.4.2.jar
[DEBUG]  /home/complex/.m2/repository/net/java/dev/jna/jna/5.13.0/jna-5.13.0.jar
[DEBUG]  /home/complex/.m2/repository/org/springframework/security/spring-security-test/6.5.3/spring-security-test-6.5.3.jar
[DEBUG]  /home/complex/.m2/repository/org/springframework/security/spring-security-core/6.5.3/spring-security-core-6.5.3.jar
[DEBUG]  /home/complex/.m2/repository/org/springframework/security/spring-security-crypto/6.5.3/spring-security-crypto-6.5.3.jar
[DEBUG]  /home/complex/.m2/repository/org/testcontainers/junit-jupiter/1.21.3/junit-jupiter-1.21.3.jar
[DEBUG]  /home/complex/.m2/repository/org/postgresql/postgresql/42.7.7/postgresql-42.7.7.jar
[DEBUG]  /home/complex/.m2/repository/org/checkerframework/checker-qual/3.49.3/checker-qual-3.49.3.jar
[DEBUG]  /home/complex/.m2/repository/org/springframework/boot/spring-boot-starter-data-jpa/3.5.5/spring-boot-starter-data-jpa-3.5.5.jar
[DEBUG]  /home/complex/.m2/repository/org/springframework/boot/spring-boot-starter-jdbc/3.5.5/spring-boot-starter-jdbc-3.5.5.jar
[DEBUG]  /home/complex/.m2/repository/com/zaxxer/HikariCP/6.3.2/HikariCP-6.3.2.jar
[DEBUG]  /home/complex/.m2/repository/org/springframework/spring-jdbc/6.2.10/spring-jdbc-6.2.10.jar
[DEBUG]  /home/complex/.m2/repository/org/hibernate/orm/hibernate-core/6.6.26.Final/hibernate-core-6.6.26.Final.jar
[DEBUG]  /home/complex/.m2/repository/jakarta/persistence/jakarta.persistence-api/3.1.0/jakarta.persistence-api-3.1.0.jar
[DEBUG]  /home/complex/.m2/repository/jakarta/transaction/jakarta.transaction-api/2.0.1/jakarta.transaction-api-2.0.1.jar
[DEBUG]  /home/complex/.m2/repository/org/jboss/logging/jboss-logging/3.6.1.Final/jboss-logging-3.6.1.Final.jar
[DEBUG]  /home/complex/.m2/repository/org/hibernate/common/hibernate-commons-annotations/7.0.3.Final/hibernate-commons-annotations-7.0.3.Final.jar
[DEBUG]  /home/complex/.m2/repository/io/smallrye/jandex/3.2.0/jandex-3.2.0.jar
[DEBUG]  /home/complex/.m2/repository/com/fasterxml/classmate/1.7.0/classmate-1.7.0.jar
[DEBUG]  /home/complex/.m2/repository/org/glassfish/jaxb/jaxb-runtime/4.0.5/jaxb-runtime-4.0.5.jar
[DEBUG]  /home/complex/.m2/repository/org/glassfish/jaxb/jaxb-core/4.0.5/jaxb-core-4.0.5.jar
[DEBUG]  /home/complex/.m2/repository/org/eclipse/angus/angus-activation/2.0.2/angus-activation-2.0.2.jar
[DEBUG]  /home/complex/.m2/repository/org/glassfish/jaxb/txw2/4.0.5/txw2-4.0.5.jar
[DEBUG]  /home/complex/.m2/repository/com/sun/istack/istack-commons-runtime/4.1.2/istack-commons-runtime-4.1.2.jar
[DEBUG]  /home/complex/.m2/repository/jakarta/inject/jakarta.inject-api/2.0.1/jakarta.inject-api-2.0.1.jar
[DEBUG]  /home/complex/.m2/repository/org/antlr/antlr4-runtime/4.13.0/antlr4-runtime-4.13.0.jar
[DEBUG]  /home/complex/.m2/repository/org/springframework/data/spring-data-jpa/3.5.3/spring-data-jpa-3.5.3.jar
[DEBUG]  /home/complex/.m2/repository/org/springframework/data/spring-data-commons/3.5.3/spring-data-commons-3.5.3.jar
[DEBUG]  /home/complex/.m2/repository/org/springframework/spring-orm/6.2.10/spring-orm-6.2.10.jar
[DEBUG]  /home/complex/.m2/repository/org/springframework/spring-tx/6.2.10/spring-tx-6.2.10.jar
[DEBUG]  /home/complex/.m2/repository/org/springframework/spring-aspects/6.2.10/spring-aspects-6.2.10.jar
[DEBUG]  /home/complex/.m2/repository/org/aspectj/aspectjweaver/1.9.24/aspectjweaver-1.9.24.jar
[DEBUG]  /home/complex/.m2/repository/org/springframework/boot/spring-boot-starter-validation/3.5.5/spring-boot-starter-validation-3.5.5.jar
[DEBUG]  /home/complex/.m2/repository/org/apache/tomcat/embed/tomcat-embed-el/10.1.44/tomcat-embed-el-10.1.44.jar
[DEBUG]  /home/complex/.m2/repository/org/hibernate/validator/hibernate-validator/8.0.3.Final/hibernate-validator-8.0.3.Final.jar
[DEBUG]  /home/complex/.m2/repository/jakarta/validation/jakarta.validation-api/3.0.2/jakarta.validation-api-3.0.2.jar
[DEBUG]  /home/complex/.m2/repository/io/jsonwebtoken/jjwt-api/0.12.5/jjwt-api-0.12.5.jar
[DEBUG]  /home/complex/.m2/repository/io/jsonwebtoken/jjwt-impl/0.12.5/jjwt-impl-0.12.5.jar
[DEBUG]  /home/complex/.m2/repository/io/jsonwebtoken/jjwt-jackson/0.12.5/jjwt-jackson-0.12.5.jar
[DEBUG]  /home/complex/.m2/repository/com/fasterxml/jackson/core/jackson-databind/2.19.2/jackson-databind-2.19.2.jar
[DEBUG]  /home/complex/.m2/repository/com/fasterxml/jackson/core/jackson-annotations/2.19.2/jackson-annotations-2.19.2.jar
[DEBUG]  /home/complex/.m2/repository/com/fasterxml/jackson/core/jackson-core/2.19.2/jackson-core-2.19.2.jar
[DEBUG]  /home/complex/.m2/repository/com/h2database/h2/2.3.232/h2-2.3.232.jar
[DEBUG] Source roots:
[DEBUG]  /home/complex/projects/Auction_Project/backend/src/test/java
[DEBUG]  /home/complex/projects/Auction_Project/backend/target/generated-test-sources/test-annotations
[DEBUG] Command line options:
[DEBUG] -d /home/complex/projects/Auction_Project/backend/target/test-classes -classpath /home/complex/projects/Auction_Project/backend/target/test-classes:/home/complex/projects/Auction_Project/backend/target/classes:/home/complex/.m2/repository/org/springframework/boot/spring-boot-starter-security/3.5.5/spring-boot-starter-security-3.5.5.jar:/home/complex/.m2/repository/org/springframework/boot/spring-boot-starter/3.5.5/spring-boot-starter-3.5.5.jar:/home/complex/.m2/repository/org/springframework/boot/spring-boot-starter-logging/3.5.5/spring-boot-starter-logging-3.5.5.jar:/home/complex/.m2/repository/ch/qos/logback/logback-classic/1.5.18/logback-classic-1.5.18.jar:/home/complex/.m2/repository/ch/qos/logback/logback-core/1.5.18/logback-core-1.5.18.jar:/home/complex/.m2/repository/org/apache/logging/log4j/log4j-to-slf4j/2.24.3/log4j-to-slf4j-2.24.3.jar:/home/complex/.m2/repository/org/apache/logging/log4j/log4j-api/2.24.3/log4j-api-2.24.3.jar:/home/complex/.m2/repository/org/slf4j/jul-to-slf4j/2.0.17/jul-to-slf4j-2.0.17.jar:/home/complex/.m2/repository/jakarta/annotation/jakarta.annotation-api/2.1.1/jakarta.annotation-api-2.1.1.jar:/home/complex/.m2/repository/org/yaml/snakeyaml/2.4/snakeyaml-2.4.jar:/home/complex/.m2/repository/org/springframework/spring-aop/6.2.10/spring-aop-6.2.10.jar:/home/complex/.m2/repository/org/springframework/spring-beans/6.2.10/spring-beans-6.2.10.jar:/home/complex/.m2/repository/org/springframework/security/spring-security-config/6.5.3/spring-security-config-6.5.3.jar:/home/complex/.m2/repository/org/springframework/spring-context/6.2.10/spring-context-6.2.10.jar:/home/complex/.m2/repository/org/springframework/security/spring-security-web/6.5.3/spring-security-web-6.5.3.jar:/home/complex/.m2/repository/org/springframework/spring-expression/6.2.10/spring-expression-6.2.10.jar:/home/complex/.m2/repository/org/springframework/boot/spring-boot-starter-web/3.5.5/spring-boot-starter-web-3.5.5.jar:/home/complex/.m2/repository/org/springframework/boot/spring-boot-starter-json/3.5.5/spring-boot-starter-json-3.5.5.jar:/home/complex/.m2/repository/com/fasterxml/jackson/datatype/jackson-datatype-jdk8/2.19.2/jackson-datatype-jdk8-2.19.2.jar:/home/complex/.m2/repository/com/fasterxml/jackson/datatype/jackson-datatype-jsr310/2.19.2/jackson-datatype-jsr310-2.19.2.jar:/home/complex/.m2/repository/com/fasterxml/jackson/module/jackson-module-parameter-names/2.19.2/jackson-module-parameter-names-2.19.2.jar:/home/complex/.m2/repository/org/springframework/boot/spring-boot-starter-tomcat/3.5.5/spring-boot-starter-tomcat-3.5.5.jar:/home/complex/.m2/repository/org/apache/tomcat/embed/tomcat-embed-core/10.1.44/tomcat-embed-core-10.1.44.jar:/home/complex/.m2/repository/org/apache/tomcat/embed/tomcat-embed-websocket/10.1.44/tomcat-embed-websocket-10.1.44.jar:/home/complex/.m2/repository/org/springframework/spring-web/6.2.10/spring-web-6.2.10.jar:/home/complex/.m2/repository/io/micrometer/micrometer-observation/1.15.3/micrometer-observation-1.15.3.jar:/home/complex/.m2/repository/io/micrometer/micrometer-commons/1.15.3/micrometer-commons-1.15.3.jar:/home/complex/.m2/repository/org/springframework/spring-webmvc/6.2.10/spring-webmvc-6.2.10.jar:/home/complex/.m2/repository/org/springframework/boot/spring-boot-devtools/3.5.5/spring-boot-devtools-3.5.5.jar:/home/complex/.m2/repository/org/springframework/boot/spring-boot/3.5.5/spring-boot-3.5.5.jar:/home/complex/.m2/repository/org/springframework/boot/spring-boot-autoconfigure/3.5.5/spring-boot-autoconfigure-3.5.5.jar:/home/complex/.m2/repository/org/springframework/boot/spring-boot-starter-test/3.5.5/spring-boot-starter-test-3.5.5.jar:/home/complex/.m2/repository/org/springframework/boot/spring-boot-test/3.5.5/spring-boot-test-3.5.5.jar:/home/complex/.m2/repository/org/springframework/boot/spring-boot-test-autoconfigure/3.5.5/spring-boot-test-autoconfigure-3.5.5.jar:/home/complex/.m2/repository/com/jayway/jsonpath/json-path/2.9.0/json-path-2.9.0.jar:/home/complex/.m2/repository/org/slf4j/slf4j-api/2.0.17/slf4j-api-2.0.17.jar:/home/complex/.m2/repository/jakarta/xml/bind/jakarta.xml.bind-api/4.0.2/jakarta.xml.bind-api-4.0.2.jar:/home/complex/.m2/repository/jakarta/activation/jakarta.activation-api/2.1.3/jakarta.activation-api-2.1.3.jar:/home/complex/.m2/repository/net/minidev/json-smart/2.5.2/json-smart-2.5.2.jar:/home/complex/.m2/repository/net/minidev/accessors-smart/2.5.2/accessors-smart-2.5.2.jar:/home/complex/.m2/repository/org/ow2/asm/asm/9.7.1/asm-9.7.1.jar:/home/complex/.m2/repository/org/assertj/assertj-core/3.27.4/assertj-core-3.27.4.jar:/home/complex/.m2/repository/net/bytebuddy/byte-buddy/1.17.7/byte-buddy-1.17.7.jar:/home/complex/.m2/repository/org/awaitility/awaitility/4.2.2/awaitility-4.2.2.jar:/home/complex/.m2/repository/org/hamcrest/hamcrest/3.0/hamcrest-3.0.jar:/home/complex/.m2/repository/org/junit/jupiter/junit-jupiter/5.12.2/junit-jupiter-5.12.2.jar:/home/complex/.m2/repository/org/junit/jupiter/junit-jupiter-api/5.12.2/junit-jupiter-api-5.12.2.jar:/home/complex/.m2/repository/org/opentest4j/opentest4j/1.3.0/opentest4j-1.3.0.jar:/home/complex/.m2/repository/org/junit/platform/junit-platform-commons/1.12.2/junit-platform-commons-1.12.2.jar:/home/complex/.m2/repository/org/apiguardian/apiguardian-api/1.1.2/apiguardian-api-1.1.2.jar:/home/complex/.m2/repository/org/junit/jupiter/junit-jupiter-params/5.12.2/junit-jupiter-params-5.12.2.jar:/home/complex/.m2/repository/org/junit/jupiter/junit-jupiter-engine/5.12.2/junit-jupiter-engine-5.12.2.jar:/home/complex/.m2/repository/org/junit/platform/junit-platform-engine/1.12.2/junit-platform-engine-1.12.2.jar:/home/complex/.m2/repository/org/mockito/mockito-core/5.17.0/mockito-core-5.17.0.jar:/home/complex/.m2/repository/net/bytebuddy/byte-buddy-agent/1.17.7/byte-buddy-agent-1.17.7.jar:/home/complex/.m2/repository/org/objenesis/objenesis/3.3/objenesis-3.3.jar:/home/complex/.m2/repository/org/mockito/mockito-junit-jupiter/5.17.0/mockito-junit-jupiter-5.17.0.jar:/home/complex/.m2/repository/org/skyscreamer/jsonassert/1.5.3/jsonassert-1.5.3.jar:/home/complex/.m2/repository/com/vaadin/external/google/android-json/0.0.20131108.vaadin1/android-json-0.0.20131108.vaadin1.jar:/home/complex/.m2/repository/org/springframework/spring-core/6.2.10/spring-core-6.2.10.jar:/home/complex/.m2/repository/org/springframework/spring-jcl/6.2.10/spring-jcl-6.2.10.jar:/home/complex/.m2/repository/org/springframework/spring-test/6.2.10/spring-test-6.2.10.jar:/home/complex/.m2/repository/org/xmlunit/xmlunit-core/2.10.3/xmlunit-core-2.10.3.jar:/home/complex/.m2/repository/org/springframework/boot/spring-boot-testcontainers/3.5.5/spring-boot-testcontainers-3.5.5.jar:/home/complex/.m2/repository/org/testcontainers/testcontainers/1.21.3/testcontainers-1.21.3.jar:/home/complex/.m2/repository/junit/junit/4.13.2/junit-4.13.2.jar:/home/complex/.m2/repository/org/hamcrest/hamcrest-core/3.0/hamcrest-core-3.0.jar:/home/complex/.m2/repository/org/apache/commons/commons-compress/1.24.0/commons-compress-1.24.0.jar:/home/complex/.m2/repository/org/rnorth/duct-tape/duct-tape/1.0.8/duct-tape-1.0.8.jar:/home/complex/.m2/repository/org/jetbrains/annotations/17.0.0/annotations-17.0.0.jar:/home/complex/.m2/repository/com/github/docker-java/docker-java-api/3.4.2/docker-java-api-3.4.2.jar:/home/complex/.m2/repository/com/github/docker-java/docker-java-transport-zerodep/3.4.2/docker-java-transport-zerodep-3.4.2.jar:/home/complex/.m2/repository/com/github/docker-java/docker-java-transport/3.4.2/docker-java-transport-3.4.2.jar:/home/complex/.m2/repository/net/java/dev/jna/jna/5.13.0/jna-5.13.0.jar:/home/complex/.m2/repository/org/springframework/security/spring-security-test/6.5.3/spring-security-test-6.5.3.jar:/home/complex/.m2/repository/org/springframework/security/spring-security-core/6.5.3/spring-security-core-6.5.3.jar:/home/complex/.m2/repository/org/springframework/security/spring-security-crypto/6.5.3/spring-security-crypto-6.5.3.jar:/home/complex/.m2/repository/org/testcontainers/junit-jupiter/1.21.3/junit-jupiter-1.21.3.jar:/home/complex/.m2/repository/org/postgresql/postgresql/42.7.7/postgresql-42.7.7.jar:/home/complex/.m2/repository/org/checkerframework/checker-qual/3.49.3/checker-qual-3.49.3.jar:/home/complex/.m2/repository/org/springframework/boot/spring-boot-starter-data-jpa/3.5.5/spring-boot-starter-data-jpa-3.5.5.jar:/home/complex/.m2/repository/org/springframework/boot/spring-boot-starter-jdbc/3.5.5/spring-boot-starter-jdbc-3.5.5.jar:/home/complex/.m2/repository/com/zaxxer/HikariCP/6.3.2/HikariCP-6.3.2.jar:/home/complex/.m2/repository/org/springframework/spring-jdbc/6.2.10/spring-jdbc-6.2.10.jar:/home/complex/.m2/repository/org/hibernate/orm/hibernate-core/6.6.26.Final/hibernate-core-6.6.26.Final.jar:/home/complex/.m2/repository/jakarta/persistence/jakarta.persistence-api/3.1.0/jakarta.persistence-api-3.1.0.jar:/home/complex/.m2/repository/jakarta/transaction/jakarta.transaction-api/2.0.1/jakarta.transaction-api-2.0.1.jar:/home/complex/.m2/repository/org/jboss/logging/jboss-logging/3.6.1.Final/jboss-logging-3.6.1.Final.jar:/home/complex/.m2/repository/org/hibernate/common/hibernate-commons-annotations/7.0.3.Final/hibernate-commons-annotations-7.0.3.Final.jar:/home/complex/.m2/repository/io/smallrye/jandex/3.2.0/jandex-3.2.0.jar:/home/complex/.m2/repository/com/fasterxml/classmate/1.7.0/classmate-1.7.0.jar:/home/complex/.m2/repository/org/glassfish/jaxb/jaxb-runtime/4.0.5/jaxb-runtime-4.0.5.jar:/home/complex/.m2/repository/org/glassfish/jaxb/jaxb-core/4.0.5/jaxb-core-4.0.5.jar:/home/complex/.m2/repository/org/eclipse/angus/angus-activation/2.0.2/angus-activation-2.0.2.jar:/home/complex/.m2/repository/org/glassfish/jaxb/txw2/4.0.5/txw2-4.0.5.jar:/home/complex/.m2/repository/com/sun/istack/istack-commons-runtime/4.1.2/istack-commons-runtime-4.1.2.jar:/home/complex/.m2/repository/jakarta/inject/jakarta.inject-api/2.0.1/jakarta.inject-api-2.0.1.jar:/home/complex/.m2/repository/org/antlr/antlr4-runtime/4.13.0/antlr4-runtime-4.13.0.jar:/home/complex/.m2/repository/org/springframework/data/spring-data-jpa/3.5.3/spring-data-jpa-3.5.3.jar:/home/complex/.m2/repository/org/springframework/data/spring-data-commons/3.5.3/spring-data-commons-3.5.3.jar:/home/complex/.m2/repository/org/springframework/spring-orm/6.2.10/spring-orm-6.2.10.jar:/home/complex/.m2/repository/org/springframework/spring-tx/6.2.10/spring-tx-6.2.10.jar:/home/complex/.m2/repository/org/springframework/spring-aspects/6.2.10/spring-aspects-6.2.10.jar:/home/complex/.m2/repository/org/aspectj/aspectjweaver/1.9.24/aspectjweaver-1.9.24.jar:/home/complex/.m2/repository/org/springframework/boot/spring-boot-starter-validation/3.5.5/spring-boot-starter-validation-3.5.5.jar:/home/complex/.m2/repository/org/apache/tomcat/embed/tomcat-embed-el/10.1.44/tomcat-embed-el-10.1.44.jar:/home/complex/.m2/repository/org/hibernate/validator/hibernate-validator/8.0.3.Final/hibernate-validator-8.0.3.Final.jar:/home/complex/.m2/repository/jakarta/validation/jakarta.validation-api/3.0.2/jakarta.validation-api-3.0.2.jar:/home/complex/.m2/repository/io/jsonwebtoken/jjwt-api/0.12.5/jjwt-api-0.12.5.jar:/home/complex/.m2/repository/io/jsonwebtoken/jjwt-impl/0.12.5/jjwt-impl-0.12.5.jar:/home/complex/.m2/repository/io/jsonwebtoken/jjwt-jackson/0.12.5/jjwt-jackson-0.12.5.jar:/home/complex/.m2/repository/com/fasterxml/jackson/core/jackson-databind/2.19.2/jackson-databind-2.19.2.jar:/home/complex/.m2/repository/com/fasterxml/jackson/core/jackson-annotations/2.19.2/jackson-annotations-2.19.2.jar:/home/complex/.m2/repository/com/fasterxml/jackson/core/jackson-core/2.19.2/jackson-core-2.19.2.jar:/home/complex/.m2/repository/com/h2database/h2/2.3.232/h2-2.3.232.jar: -sourcepath /home/complex/projects/Auction_Project/backend/src/test/java:/home/complex/projects/Auction_Project/backend/target/generated-test-sources/test-annotations: -s /home/complex/projects/Auction_Project/backend/target/generated-test-sources/test-annotations -g -parameters --release 21 -encoding UTF-8 -XDuseUnsharedTable=true
[DEBUG] incrementalBuildHelper#beforeRebuildExecution
[INFO] Compiling 4 source files with javac [debug parameters release 21] to target/test-classes
[DEBUG] incrementalBuildHelper#afterRebuildExecution
[INFO] 
[INFO] --- surefire:3.5.3:test (default-test) @ auction ---
[DEBUG] Dependency collection stats {ConflictMarker.analyzeTime=63856, ConflictMarker.markTime=13745, ConflictMarker.nodeCount=25, ConflictIdSorter.graphTime=15305, ConflictIdSorter.topsortTime=12305, ConflictIdSorter.conflictIdCount=15, ConflictIdSorter.conflictIdCycleCount=0, ConflictResolver.totalTime=213930, ConflictResolver.conflictItemCount=25, DfDependencyCollector.collectTime=37900470, DfDependencyCollector.transformTime=334932}
[DEBUG] org.apache.maven.plugins:maven-surefire-plugin:jar:3.5.3
[DEBUG]    org.apache.maven.surefire:surefire-api:jar:3.5.3:compile
[DEBUG]       org.apache.maven.surefire:surefire-logger-api:jar:3.5.3:compile
[DEBUG]       org.apache.maven.surefire:surefire-shared-utils:jar:3.5.3:compile (version managed from default)
[DEBUG]    org.apache.maven.surefire:surefire-extensions-api:jar:3.5.3:compile
[DEBUG]    org.apache.maven.surefire:maven-surefire-common:jar:3.5.3:compile
[DEBUG]       org.apache.maven.surefire:surefire-booter:jar:3.5.3:compile
[DEBUG]          org.apache.maven.surefire:surefire-extensions-spi:jar:3.5.3:compile
[DEBUG]       org.apache.maven.resolver:maven-resolver-util:jar:1.4.1:compile
[DEBUG]          org.apache.maven.resolver:maven-resolver-api:jar:1.4.1:compile
[DEBUG]       org.apache.maven.shared:maven-common-artifact-filters:jar:3.4.0:compile (version managed from default)
[DEBUG]          org.slf4j:slf4j-api:jar:1.7.36:compile (version managed from default)
[DEBUG]       org.codehaus.plexus:plexus-java:jar:1.4.0:compile (version managed from default)
[DEBUG]          org.ow2.asm:asm:jar:9.7.1:compile
[DEBUG]          com.thoughtworks.qdox:qdox:jar:2.2.0:compile
[DEBUG] Created new class realm plugin>org.apache.maven.plugins:maven-surefire-plugin:3.5.3
[DEBUG] Importing foreign packages into class realm plugin>org.apache.maven.plugins:maven-surefire-plugin:3.5.3
[DEBUG]   Imported:  < maven.api
[DEBUG] Populating class realm plugin>org.apache.maven.plugins:maven-surefire-plugin:3.5.3
[DEBUG]   Included: org.apache.maven.plugins:maven-surefire-plugin:jar:3.5.3
[DEBUG]   Included: org.apache.maven.surefire:surefire-api:jar:3.5.3
[DEBUG]   Included: org.apache.maven.surefire:surefire-logger-api:jar:3.5.3
[DEBUG]   Included: org.apache.maven.surefire:surefire-shared-utils:jar:3.5.3
[DEBUG]   Included: org.apache.maven.surefire:surefire-extensions-api:jar:3.5.3
[DEBUG]   Included: org.apache.maven.surefire:maven-surefire-common:jar:3.5.3
[DEBUG]   Included: org.apache.maven.surefire:surefire-booter:jar:3.5.3
[DEBUG]   Included: org.apache.maven.surefire:surefire-extensions-spi:jar:3.5.3
[DEBUG]   Included: org.apache.maven.shared:maven-common-artifact-filters:jar:3.4.0
[DEBUG]   Included: org.codehaus.plexus:plexus-java:jar:1.4.0
[DEBUG]   Included: org.ow2.asm:asm:jar:9.7.1
[DEBUG]   Included: com.thoughtworks.qdox:qdox:jar:2.2.0
[DEBUG] Loading mojo org.apache.maven.plugins:maven-surefire-plugin:3.5.3:test from plugin realm ClassRealm[plugin>org.apache.maven.plugins:maven-surefire-plugin:3.5.3, parent: jdk.internal.loader.ClassLoaders$AppClassLoader@c387f44]
[DEBUG] Configuring mojo execution 'org.apache.maven.plugins:maven-surefire-plugin:3.5.3:test:default-test' with basic configurator -->
[DEBUG]   (f) additionalClasspathDependencies = []
[DEBUG]   (s) additionalClasspathElements = []
[DEBUG]   (s) basedir = /home/complex/projects/Auction_Project/backend
[DEBUG]   (s) childDelegation = false
[DEBUG]   (f) classesDirectory = /home/complex/projects/Auction_Project/backend/target/classes
[DEBUG]   (s) classpathDependencyExcludes = []
[DEBUG]   (s) dependenciesToScan = []
[DEBUG]   (s) enableAssertions = true
[DEBUG]   (s) enableOutErrElements = true
[DEBUG]   (s) enablePropertiesElement = true
[DEBUG]   (s) encoding = UTF-8
[DEBUG]   (s) excludeJUnit5Engines = []
[DEBUG]   (f) excludedEnvironmentVariables = []
[DEBUG]   (s) excludes = []
[DEBUG]   (s) failIfNoSpecifiedTests = true
[DEBUG]   (s) failIfNoTests = false
[DEBUG]   (s) failOnFlakeCount = 0
[DEBUG]   (f) forkCount = 1
[DEBUG]   (s) forkedProcessExitTimeoutInSeconds = 30
[DEBUG]   (s) includeJUnit5Engines = []
[DEBUG]   (s) includes = []
[DEBUG]   (s) junitArtifactName = junit:junit
[DEBUG]   (f) parallelMavenExecution = false
[DEBUG]   (s) parallelOptimized = true
[DEBUG]   (s) perCoreThreadCount = true
[DEBUG]   (s) pluginArtifactMap = {org.apache.maven.plugins:maven-surefire-plugin=org.apache.maven.plugins:maven-surefire-plugin:maven-plugin:3.5.3:, org.apache.maven.surefire:surefire-api=org.apache.maven.surefire:surefire-api:jar:3.5.3:compile, org.apache.maven.surefire:surefire-logger-api=org.apache.maven.surefire:surefire-logger-api:jar:3.5.3:compile, org.apache.maven.surefire:surefire-shared-utils=org.apache.maven.surefire:surefire-shared-utils:jar:3.5.3:compile, org.apache.maven.surefire:surefire-extensions-api=org.apache.maven.surefire:surefire-extensions-api:jar:3.5.3:compile, org.apache.maven.surefire:maven-surefire-common=org.apache.maven.surefire:maven-surefire-common:jar:3.5.3:compile, org.apache.maven.surefire:surefire-booter=org.apache.maven.surefire:surefire-booter:jar:3.5.3:compile, org.apache.maven.surefire:surefire-extensions-spi=org.apache.maven.surefire:surefire-extensions-spi:jar:3.5.3:compile, org.apache.maven.resolver:maven-resolver-util=org.apache.maven.resolver:maven-resolver-util:jar:1.4.1:compile, org.apache.maven.resolver:maven-resolver-api=org.apache.maven.resolver:maven-resolver-api:jar:1.4.1:compile, org.apache.maven.shared:maven-common-artifact-filters=org.apache.maven.shared:maven-common-artifact-filters:jar:3.4.0:compile, org.slf4j:slf4j-api=org.slf4j:slf4j-api:jar:1.7.36:compile, org.codehaus.plexus:plexus-java=org.codehaus.plexus:plexus-java:jar:1.4.0:compile, org.ow2.asm:asm=org.ow2.asm:asm:jar:9.7.1:compile, com.thoughtworks.qdox:qdox=com.thoughtworks.qdox:qdox:jar:2.2.0:compile}
[DEBUG]   (f) pluginDescriptor = Component Descriptor: role: 'org.apache.maven.plugin.Mojo', implementation: 'org.apache.maven.plugins.maven_surefire_plugin.HelpMojo', role hint: 'org.apache.maven.plugins:maven-surefire-plugin:3.5.3:help'
role: 'org.apache.maven.plugin.Mojo', implementation: 'org.apache.maven.plugin.surefire.SurefireMojo', role hint: 'org.apache.maven.plugins:maven-surefire-plugin:3.5.3:test'
---
[DEBUG]   (s) printSummary = true
[DEBUG]   (s) project = MavenProject: com.complex:auction:0.0.1-SNAPSHOT @ /home/complex/projects/Auction_Project/backend/pom.xml
[DEBUG]   (s) projectArtifactMap = {org.springframework.boot:spring-boot-starter-security=org.springframework.boot:spring-boot-starter-security:jar:3.5.5:compile, org.springframework.boot:spring-boot-starter=org.springframework.boot:spring-boot-starter:jar:3.5.5:compile, org.springframework.boot:spring-boot-starter-logging=org.springframework.boot:spring-boot-starter-logging:jar:3.5.5:compile, ch.qos.logback:logback-classic=ch.qos.logback:logback-classic:jar:1.5.18:compile, ch.qos.logback:logback-core=ch.qos.logback:logback-core:jar:1.5.18:compile, org.apache.logging.log4j:log4j-to-slf4j=org.apache.logging.log4j:log4j-to-slf4j:jar:2.24.3:compile, org.apache.logging.log4j:log4j-api=org.apache.logging.log4j:log4j-api:jar:2.24.3:compile, org.slf4j:jul-to-slf4j=org.slf4j:jul-to-slf4j:jar:2.0.17:compile, jakarta.annotation:jakarta.annotation-api=jakarta.annotation:jakarta.annotation-api:jar:2.1.1:compile, org.yaml:snakeyaml=org.yaml:snakeyaml:jar:2.4:compile, org.springframework:spring-aop=org.springframework:spring-aop:jar:6.2.10:compile, org.springframework:spring-beans=org.springframework:spring-beans:jar:6.2.10:compile, org.springframework.security:spring-security-config=org.springframework.security:spring-security-config:jar:6.5.3:compile, org.springframework:spring-context=org.springframework:spring-context:jar:6.2.10:compile, org.springframework.security:spring-security-web=org.springframework.security:spring-security-web:jar:6.5.3:compile, org.springframework:spring-expression=org.springframework:spring-expression:jar:6.2.10:compile, org.springframework.boot:spring-boot-starter-web=org.springframework.boot:spring-boot-starter-web:jar:3.5.5:compile, org.springframework.boot:spring-boot-starter-json=org.springframework.boot:spring-boot-starter-json:jar:3.5.5:compile, com.fasterxml.jackson.datatype:jackson-datatype-jdk8=com.fasterxml.jackson.datatype:jackson-datatype-jdk8:jar:2.19.2:compile, com.fasterxml.jackson.datatype:jackson-datatype-jsr310=com.fasterxml.jackson.datatype:jackson-datatype-jsr310:jar:2.19.2:compile, com.fasterxml.jackson.module:jackson-module-parameter-names=com.fasterxml.jackson.module:jackson-module-parameter-names:jar:2.19.2:compile, org.springframework.boot:spring-boot-starter-tomcat=org.springframework.boot:spring-boot-starter-tomcat:jar:3.5.5:compile, org.apache.tomcat.embed:tomcat-embed-core=org.apache.tomcat.embed:tomcat-embed-core:jar:10.1.44:compile, org.apache.tomcat.embed:tomcat-embed-websocket=org.apache.tomcat.embed:tomcat-embed-websocket:jar:10.1.44:compile, org.springframework:spring-web=org.springframework:spring-web:jar:6.2.10:compile, io.micrometer:micrometer-observation=io.micrometer:micrometer-observation:jar:1.15.3:compile, io.micrometer:micrometer-commons=io.micrometer:micrometer-commons:jar:1.15.3:compile, org.springframework:spring-webmvc=org.springframework:spring-webmvc:jar:6.2.10:compile, org.springframework.boot:spring-boot-devtools=org.springframework.boot:spring-boot-devtools:jar:3.5.5:runtime, org.springframework.boot:spring-boot=org.springframework.boot:spring-boot:jar:3.5.5:compile, org.springframework.boot:spring-boot-autoconfigure=org.springframework.boot:spring-boot-autoconfigure:jar:3.5.5:compile, org.springframework.boot:spring-boot-starter-test=org.springframework.boot:spring-boot-starter-test:jar:3.5.5:test, org.springframework.boot:spring-boot-test=org.springframework.boot:spring-boot-test:jar:3.5.5:test, org.springframework.boot:spring-boot-test-autoconfigure=org.springframework.boot:spring-boot-test-autoconfigure:jar:3.5.5:test, com.jayway.jsonpath:json-path=com.jayway.jsonpath:json-path:jar:2.9.0:test, org.slf4j:slf4j-api=org.slf4j:slf4j-api:jar:2.0.17:compile, jakarta.xml.bind:jakarta.xml.bind-api=jakarta.xml.bind:jakarta.xml.bind-api:jar:4.0.2:runtime, jakarta.activation:jakarta.activation-api=jakarta.activation:jakarta.activation-api:jar:2.1.3:runtime, net.minidev:json-smart=net.minidev:json-smart:jar:2.5.2:test, net.minidev:accessors-smart=net.minidev:accessors-smart:jar:2.5.2:test, org.ow2.asm:asm=org.ow2.asm:asm:jar:9.7.1:test, org.assertj:assertj-core=org.assertj:assertj-core:jar:3.27.4:test, net.bytebuddy:byte-buddy=net.bytebuddy:byte-buddy:jar:1.17.7:runtime, org.awaitility:awaitility=org.awaitility:awaitility:jar:4.2.2:test, org.hamcrest:hamcrest=org.hamcrest:hamcrest:jar:3.0:test, org.junit.jupiter:junit-jupiter=org.junit.jupiter:junit-jupiter:jar:5.12.2:test, org.junit.jupiter:junit-jupiter-api=org.junit.jupiter:junit-jupiter-api:jar:5.12.2:test, org.opentest4j:opentest4j=org.opentest4j:opentest4j:jar:1.3.0:test, org.junit.platform:junit-platform-commons=org.junit.platform:junit-platform-commons:jar:1.12.2:test, org.apiguardian:apiguardian-api=org.apiguardian:apiguardian-api:jar:1.1.2:test, org.junit.jupiter:junit-jupiter-params=org.junit.jupiter:junit-jupiter-params:jar:5.12.2:test, org.junit.jupiter:junit-jupiter-engine=org.junit.jupiter:junit-jupiter-engine:jar:5.12.2:test, org.junit.platform:junit-platform-engine=org.junit.platform:junit-platform-engine:jar:1.12.2:test, org.mockito:mockito-core=org.mockito:mockito-core:jar:5.17.0:test, net.bytebuddy:byte-buddy-agent=net.bytebuddy:byte-buddy-agent:jar:1.17.7:test, org.objenesis:objenesis=org.objenesis:objenesis:jar:3.3:test, org.mockito:mockito-junit-jupiter=org.mockito:mockito-junit-jupiter:jar:5.17.0:test, org.skyscreamer:jsonassert=org.skyscreamer:jsonassert:jar:1.5.3:test, com.vaadin.external.google:android-json=com.vaadin.external.google:android-json:jar:0.0.20131108.vaadin1:test, org.springframework:spring-core=org.springframework:spring-core:jar:6.2.10:compile, org.springframework:spring-jcl=org.springframework:spring-jcl:jar:6.2.10:compile, org.springframework:spring-test=org.springframework:spring-test:jar:6.2.10:test, org.xmlunit:xmlunit-core=org.xmlunit:xmlunit-core:jar:2.10.3:test, org.springframework.boot:spring-boot-testcontainers=org.springframework.boot:spring-boot-testcontainers:jar:3.5.5:test, org.testcontainers:testcontainers=org.testcontainers:testcontainers:jar:1.21.3:test, junit:junit=junit:junit:jar:4.13.2:test, org.hamcrest:hamcrest-core=org.hamcrest:hamcrest-core:jar:3.0:test, org.apache.commons:commons-compress=org.apache.commons:commons-compress:jar:1.24.0:test, org.rnorth.duct-tape:duct-tape=org.rnorth.duct-tape:duct-tape:jar:1.0.8:test, org.jetbrains:annotations=org.jetbrains:annotations:jar:17.0.0:test, com.github.docker-java:docker-java-api=com.github.docker-java:docker-java-api:jar:3.4.2:test, com.github.docker-java:docker-java-transport-zerodep=com.github.docker-java:docker-java-transport-zerodep:jar:3.4.2:test, com.github.docker-java:docker-java-transport=com.github.docker-java:docker-java-transport:jar:3.4.2:test, net.java.dev.jna:jna=net.java.dev.jna:jna:jar:5.13.0:test, org.springframework.security:spring-security-test=org.springframework.security:spring-security-test:jar:6.5.3:test, org.springframework.security:spring-security-core=org.springframework.security:spring-security-core:jar:6.5.3:compile, org.springframework.security:spring-security-crypto=org.springframework.security:spring-security-crypto:jar:6.5.3:compile, org.testcontainers:junit-jupiter=org.testcontainers:junit-jupiter:jar:1.21.3:test, org.postgresql:postgresql=org.postgresql:postgresql:jar:42.7.7:runtime, org.checkerframework:checker-qual=org.checkerframework:checker-qual:jar:3.49.3:runtime, org.springframework.boot:spring-boot-starter-data-jpa=org.springframework.boot:spring-boot-starter-data-jpa:jar:3.5.5:compile, org.springframework.boot:spring-boot-starter-jdbc=org.springframework.boot:spring-boot-starter-jdbc:jar:3.5.5:compile, com.zaxxer:HikariCP=com.zaxxer:HikariCP:jar:6.3.2:compile, org.springframework:spring-jdbc=org.springframework:spring-jdbc:jar:6.2.10:compile, org.hibernate.orm:hibernate-core=org.hibernate.orm:hibernate-core:jar:6.6.26.Final:compile, jakarta.persistence:jakarta.persistence-api=jakarta.persistence:jakarta.persistence-api:jar:3.1.0:compile, jakarta.transaction:jakarta.transaction-api=jakarta.transaction:jakarta.transaction-api:jar:2.0.1:compile, org.jboss.logging:jboss-logging=org.jboss.logging:jboss-logging:jar:3.6.1.Final:compile, org.hibernate.common:hibernate-commons-annotations=org.hibernate.common:hibernate-commons-annotations:jar:7.0.3.Final:runtime, io.smallrye:jandex=io.smallrye:jandex:jar:3.2.0:runtime, com.fasterxml:classmate=com.fasterxml:classmate:jar:1.7.0:compile, org.glassfish.jaxb:jaxb-runtime=org.glassfish.jaxb:jaxb-runtime:jar:4.0.5:runtime, org.glassfish.jaxb:jaxb-core=org.glassfish.jaxb:jaxb-core:jar:4.0.5:runtime, org.eclipse.angus:angus-activation=org.eclipse.angus:angus-activation:jar:2.0.2:runtime, org.glassfish.jaxb:txw2=org.glassfish.jaxb:txw2:jar:4.0.5:runtime, com.sun.istack:istack-commons-runtime=com.sun.istack:istack-commons-runtime:jar:4.1.2:runtime, jakarta.inject:jakarta.inject-api=jakarta.inject:jakarta.inject-api:jar:2.0.1:runtime, org.antlr:antlr4-runtime=org.antlr:antlr4-runtime:jar:4.13.0:compile, org.springframework.data:spring-data-jpa=org.springframework.data:spring-data-jpa:jar:3.5.3:compile, org.springframework.data:spring-data-commons=org.springframework.data:spring-data-commons:jar:3.5.3:compile, org.springframework:spring-orm=org.springframework:spring-orm:jar:6.2.10:compile, org.springframework:spring-tx=org.springframework:spring-tx:jar:6.2.10:compile, org.springframework:spring-aspects=org.springframework:spring-aspects:jar:6.2.10:compile, org.aspectj:aspectjweaver=org.aspectj:aspectjweaver:jar:1.9.24:compile, org.springframework.boot:spring-boot-starter-validation=org.springframework.boot:spring-boot-starter-validation:jar:3.5.5:compile, org.apache.tomcat.embed:tomcat-embed-el=org.apache.tomcat.embed:tomcat-embed-el:jar:10.1.44:compile, org.hibernate.validator:hibernate-validator=org.hibernate.validator:hibernate-validator:jar:8.0.3.Final:compile, jakarta.validation:jakarta.validation-api=jakarta.validation:jakarta.validation-api:jar:3.0.2:compile, io.jsonwebtoken:jjwt-api=io.jsonwebtoken:jjwt-api:jar:0.12.5:compile, io.jsonwebtoken:jjwt-impl=io.jsonwebtoken:jjwt-impl:jar:0.12.5:runtime, io.jsonwebtoken:jjwt-jackson=io.jsonwebtoken:jjwt-jackson:jar:0.12.5:runtime, com.fasterxml.jackson.core:jackson-databind=com.fasterxml.jackson.core:jackson-databind:jar:2.19.2:compile, com.fasterxml.jackson.core:jackson-annotations=com.fasterxml.jackson.core:jackson-annotations:jar:2.19.2:compile, com.fasterxml.jackson.core:jackson-core=com.fasterxml.jackson.core:jackson-core:jar:2.19.2:compile, com.h2database:h2=com.h2database:h2:jar:2.3.232:test}
[DEBUG]   (s) projectBuildDirectory = /home/complex/projects/Auction_Project/backend/target
[DEBUG]   (f) promoteUserPropertiesToSystemProperties = true
[DEBUG]   (s) redirectTestOutputToFile = false
[DEBUG]   (s) reportFormat = brief
[DEBUG]   (s) reportsDirectory = /home/complex/projects/Auction_Project/backend/target/surefire-reports
[DEBUG]   (f) rerunFailingTestsCount = 0
[DEBUG]   (f) reuseForks = true
[DEBUG]   (s) runOrder = filesystem
[DEBUG]   (s) session = org.apache.maven.execution.MavenSession@fc807c1
[DEBUG]   (f) shutdown = exit
[DEBUG]   (s) skip = false
[DEBUG]   (f) skipAfterFailureCount = 0
[DEBUG]   (s) skipTests = false
[DEBUG]   (s) suiteXmlFiles = []
[DEBUG]   (s) tempDir = surefire
[DEBUG]   (s) test = BackendApplicationTests
[DEBUG]   (s) testClassesDirectory = /home/complex/projects/Auction_Project/backend/target/test-classes
[DEBUG]   (s) testFailureIgnore = false
[DEBUG]   (s) testNGArtifactName = org.testng:testng
[DEBUG]   (s) testSourceDirectory = /home/complex/projects/Auction_Project/backend/src/test/java
[DEBUG]   (s) threadCountClasses = 0
[DEBUG]   (s) threadCountMethods = 0
[DEBUG]   (s) threadCountSuites = 0
[DEBUG]   (s) trimStackTrace = false
[DEBUG]   (s) useFile = true
[DEBUG]   (s) useManifestOnlyJar = true
[DEBUG]   (f) useModulePath = true
[DEBUG]   (s) useSystemClassLoader = true
[DEBUG]   (s) useUnlimitedThreads = false
[DEBUG]   (s) workingDirectory = /home/complex/projects/Auction_Project/backend
[DEBUG] -- end configuration --
[DEBUG] Using JVM: /usr/lib/jvm/java-21-openjdk-amd64/bin/java with Java version 21.0
[DEBUG] Resolved included and excluded patterns: BackendApplicationTests
[DEBUG] Surefire report directory: /home/complex/projects/Auction_Project/backend/target/surefire-reports
[INFO] Using auto detected provider org.apache.maven.surefire.junitplatform.JUnitPlatformProvider
[DEBUG] Using the provider org.apache.maven.surefire.junitplatform.JUnitPlatformProvider
[DEBUG] Setting system property [basedir]=[/home/complex/projects/Auction_Project/backend]
[DEBUG] Setting system property [test]=[BackendApplicationTests]
[DEBUG] Setting system property [localRepository]=[/home/complex/.m2/repository]
[DEBUG] Dependency collection stats {ConflictMarker.analyzeTime=19755, ConflictMarker.markTime=9197, ConflictMarker.nodeCount=9, ConflictIdSorter.graphTime=8876, ConflictIdSorter.topsortTime=7813, ConflictIdSorter.conflictIdCount=5, ConflictIdSorter.conflictIdCycleCount=0, ConflictResolver.totalTime=84010, ConflictResolver.conflictItemCount=8, DfDependencyCollector.collectTime=2825254, DfDependencyCollector.transformTime=142401}
[DEBUG] Found implementation of fork node factory: org.apache.maven.plugin.surefire.extensions.LegacyForkNodeFactory
[DEBUG] Using fork starter with configuration implementation org.apache.maven.plugin.surefire.booterclient.JarManifestForkConfiguration
[DEBUG] Dependency collection stats {ConflictMarker.analyzeTime=30185, ConflictMarker.markTime=12106, ConflictMarker.nodeCount=17, ConflictIdSorter.graphTime=16613, ConflictIdSorter.topsortTime=8025, ConflictIdSorter.conflictIdCount=10, ConflictIdSorter.conflictIdCycleCount=0, ConflictResolver.totalTime=111480, ConflictResolver.conflictItemCount=16, DfDependencyCollector.collectTime=9198396, DfDependencyCollector.transformTime=193361}
[DEBUG] Resolving artifact org.junit.platform:junit-platform-launcher:1.12.2
[DEBUG] Dependency collection stats {ConflictMarker.analyzeTime=68826, ConflictMarker.markTime=10524, ConflictMarker.nodeCount=8, ConflictIdSorter.graphTime=63958, ConflictIdSorter.topsortTime=9505, ConflictIdSorter.conflictIdCount=5, ConflictIdSorter.conflictIdCycleCount=0, ConflictResolver.totalTime=75437, ConflictResolver.conflictItemCount=7, DfDependencyCollector.collectTime=1085772, DfDependencyCollector.transformTime=245198}
[DEBUG] Resolved artifact org.junit.platform:junit-platform-launcher:1.12.2 to [org.junit.platform:junit-platform-launcher:jar:1.12.2, org.junit.platform:junit-platform-engine:jar:1.12.2, org.opentest4j:opentest4j:jar:1.3.0, org.junit.platform:junit-platform-commons:jar:1.12.2, org.apiguardian:apiguardian-api:jar:1.1.2]
[DEBUG] test classpath:  /home/complex/projects/Auction_Project/backend/target/test-classes  /home/complex/projects/Auction_Project/backend/target/classes  /home/complex/.m2/repository/org/springframework/boot/spring-boot-starter-security/3.5.5/spring-boot-starter-security-3.5.5.jar  /home/complex/.m2/repository/org/springframework/boot/spring-boot-starter/3.5.5/spring-boot-starter-3.5.5.jar  /home/complex/.m2/repository/org/springframework/boot/spring-boot-starter-logging/3.5.5/spring-boot-starter-logging-3.5.5.jar  /home/complex/.m2/repository/ch/qos/logback/logback-classic/1.5.18/logback-classic-1.5.18.jar  /home/complex/.m2/repository/ch/qos/logback/logback-core/1.5.18/logback-core-1.5.18.jar  /home/complex/.m2/repository/org/apache/logging/log4j/log4j-to-slf4j/2.24.3/log4j-to-slf4j-2.24.3.jar  /home/complex/.m2/repository/org/apache/logging/log4j/log4j-api/2.24.3/log4j-api-2.24.3.jar  /home/complex/.m2/repository/org/slf4j/jul-to-slf4j/2.0.17/jul-to-slf4j-2.0.17.jar  /home/complex/.m2/repository/jakarta/annotation/jakarta.annotation-api/2.1.1/jakarta.annotation-api-2.1.1.jar  /home/complex/.m2/repository/org/yaml/snakeyaml/2.4/snakeyaml-2.4.jar  /home/complex/.m2/repository/org/springframework/spring-aop/6.2.10/spring-aop-6.2.10.jar  /home/complex/.m2/repository/org/springframework/spring-beans/6.2.10/spring-beans-6.2.10.jar  /home/complex/.m2/repository/org/springframework/security/spring-security-config/6.5.3/spring-security-config-6.5.3.jar  /home/complex/.m2/repository/org/springframework/spring-context/6.2.10/spring-context-6.2.10.jar  /home/complex/.m2/repository/org/springframework/security/spring-security-web/6.5.3/spring-security-web-6.5.3.jar  /home/complex/.m2/repository/org/springframework/spring-expression/6.2.10/spring-expression-6.2.10.jar  /home/complex/.m2/repository/org/springframework/boot/spring-boot-starter-web/3.5.5/spring-boot-starter-web-3.5.5.jar  /home/complex/.m2/repository/org/springframework/boot/spring-boot-starter-json/3.5.5/spring-boot-starter-json-3.5.5.jar  /home/complex/.m2/repository/com/fasterxml/jackson/datatype/jackson-datatype-jdk8/2.19.2/jackson-datatype-jdk8-2.19.2.jar  /home/complex/.m2/repository/com/fasterxml/jackson/datatype/jackson-datatype-jsr310/2.19.2/jackson-datatype-jsr310-2.19.2.jar  /home/complex/.m2/repository/com/fasterxml/jackson/module/jackson-module-parameter-names/2.19.2/jackson-module-parameter-names-2.19.2.jar  /home/complex/.m2/repository/org/springframework/boot/spring-boot-starter-tomcat/3.5.5/spring-boot-starter-tomcat-3.5.5.jar  /home/complex/.m2/repository/org/apache/tomcat/embed/tomcat-embed-core/10.1.44/tomcat-embed-core-10.1.44.jar  /home/complex/.m2/repository/org/apache/tomcat/embed/tomcat-embed-websocket/10.1.44/tomcat-embed-websocket-10.1.44.jar  /home/complex/.m2/repository/org/springframework/spring-web/6.2.10/spring-web-6.2.10.jar  /home/complex/.m2/repository/io/micrometer/micrometer-observation/1.15.3/micrometer-observation-1.15.3.jar  /home/complex/.m2/repository/io/micrometer/micrometer-commons/1.15.3/micrometer-commons-1.15.3.jar  /home/complex/.m2/repository/org/springframework/spring-webmvc/6.2.10/spring-webmvc-6.2.10.jar  /home/complex/.m2/repository/org/springframework/boot/spring-boot-devtools/3.5.5/spring-boot-devtools-3.5.5.jar  /home/complex/.m2/repository/org/springframework/boot/spring-boot/3.5.5/spring-boot-3.5.5.jar  /home/complex/.m2/repository/org/springframework/boot/spring-boot-autoconfigure/3.5.5/spring-boot-autoconfigure-3.5.5.jar  /home/complex/.m2/repository/org/springframework/boot/spring-boot-starter-test/3.5.5/spring-boot-starter-test-3.5.5.jar  /home/complex/.m2/repository/org/springframework/boot/spring-boot-test/3.5.5/spring-boot-test-3.5.5.jar  /home/complex/.m2/repository/org/springframework/boot/spring-boot-test-autoconfigure/3.5.5/spring-boot-test-autoconfigure-3.5.5.jar  /home/complex/.m2/repository/com/jayway/jsonpath/json-path/2.9.0/json-path-2.9.0.jar  /home/complex/.m2/repository/org/slf4j/slf4j-api/2.0.17/slf4j-api-2.0.17.jar  /home/complex/.m2/repository/jakarta/xml/bind/jakarta.xml.bind-api/4.0.2/jakarta.xml.bind-api-4.0.2.jar  /home/complex/.m2/repository/jakarta/activation/jakarta.activation-api/2.1.3/jakarta.activation-api-2.1.3.jar  /home/complex/.m2/repository/net/minidev/json-smart/2.5.2/json-smart-2.5.2.jar  /home/complex/.m2/repository/net/minidev/accessors-smart/2.5.2/accessors-smart-2.5.2.jar  /home/complex/.m2/repository/org/ow2/asm/asm/9.7.1/asm-9.7.1.jar  /home/complex/.m2/repository/org/assertj/assertj-core/3.27.4/assertj-core-3.27.4.jar  /home/complex/.m2/repository/net/bytebuddy/byte-buddy/1.17.7/byte-buddy-1.17.7.jar  /home/complex/.m2/repository/org/awaitility/awaitility/4.2.2/awaitility-4.2.2.jar  /home/complex/.m2/repository/org/hamcrest/hamcrest/3.0/hamcrest-3.0.jar  /home/complex/.m2/repository/org/junit/jupiter/junit-jupiter/5.12.2/junit-jupiter-5.12.2.jar  /home/complex/.m2/repository/org/junit/jupiter/junit-jupiter-api/5.12.2/junit-jupiter-api-5.12.2.jar  /home/complex/.m2/repository/org/opentest4j/opentest4j/1.3.0/opentest4j-1.3.0.jar  /home/complex/.m2/repository/org/junit/platform/junit-platform-commons/1.12.2/junit-platform-commons-1.12.2.jar  /home/complex/.m2/repository/org/apiguardian/apiguardian-api/1.1.2/apiguardian-api-1.1.2.jar  /home/complex/.m2/repository/org/junit/jupiter/junit-jupiter-params/5.12.2/junit-jupiter-params-5.12.2.jar  /home/complex/.m2/repository/org/junit/jupiter/junit-jupiter-engine/5.12.2/junit-jupiter-engine-5.12.2.jar  /home/complex/.m2/repository/org/junit/platform/junit-platform-engine/1.12.2/junit-platform-engine-1.12.2.jar  /home/complex/.m2/repository/org/mockito/mockito-core/5.17.0/mockito-core-5.17.0.jar  /home/complex/.m2/repository/net/bytebuddy/byte-buddy-agent/1.17.7/byte-buddy-agent-1.17.7.jar  /home/complex/.m2/repository/org/objenesis/objenesis/3.3/objenesis-3.3.jar  /home/complex/.m2/repository/org/mockito/mockito-junit-jupiter/5.17.0/mockito-junit-jupiter-5.17.0.jar  /home/complex/.m2/repository/org/skyscreamer/jsonassert/1.5.3/jsonassert-1.5.3.jar  /home/complex/.m2/repository/com/vaadin/external/google/android-json/0.0.20131108.vaadin1/android-json-0.0.20131108.vaadin1.jar  /home/complex/.m2/repository/org/springframework/spring-core/6.2.10/spring-core-6.2.10.jar  /home/complex/.m2/repository/org/springframework/spring-jcl/6.2.10/spring-jcl-6.2.10.jar  /home/complex/.m2/repository/org/springframework/spring-test/6.2.10/spring-test-6.2.10.jar  /home/complex/.m2/repository/org/xmlunit/xmlunit-core/2.10.3/xmlunit-core-2.10.3.jar  /home/complex/.m2/repository/org/springframework/boot/spring-boot-testcontainers/3.5.5/spring-boot-testcontainers-3.5.5.jar  /home/complex/.m2/repository/org/testcontainers/testcontainers/1.21.3/testcontainers-1.21.3.jar  /home/complex/.m2/repository/junit/junit/4.13.2/junit-4.13.2.jar  /home/complex/.m2/repository/org/hamcrest/hamcrest-core/3.0/hamcrest-core-3.0.jar  /home/complex/.m2/repository/org/apache/commons/commons-compress/1.24.0/commons-compress-1.24.0.jar  /home/complex/.m2/repository/org/rnorth/duct-tape/duct-tape/1.0.8/duct-tape-1.0.8.jar  /home/complex/.m2/repository/org/jetbrains/annotations/17.0.0/annotations-17.0.0.jar  /home/complex/.m2/repository/com/github/docker-java/docker-java-api/3.4.2/docker-java-api-3.4.2.jar  /home/complex/.m2/repository/com/github/docker-java/docker-java-transport-zerodep/3.4.2/docker-java-transport-zerodep-3.4.2.jar  /home/complex/.m2/repository/com/github/docker-java/docker-java-transport/3.4.2/docker-java-transport-3.4.2.jar  /home/complex/.m2/repository/net/java/dev/jna/jna/5.13.0/jna-5.13.0.jar  /home/complex/.m2/repository/org/springframework/security/spring-security-test/6.5.3/spring-security-test-6.5.3.jar  /home/complex/.m2/repository/org/springframework/security/spring-security-core/6.5.3/spring-security-core-6.5.3.jar  /home/complex/.m2/repository/org/springframework/security/spring-security-crypto/6.5.3/spring-security-crypto-6.5.3.jar  /home/complex/.m2/repository/org/testcontainers/junit-jupiter/1.21.3/junit-jupiter-1.21.3.jar  /home/complex/.m2/repository/org/postgresql/postgresql/42.7.7/postgresql-42.7.7.jar  /home/complex/.m2/repository/org/checkerframework/checker-qual/3.49.3/checker-qual-3.49.3.jar  /home/complex/.m2/repository/org/springframework/boot/spring-boot-starter-data-jpa/3.5.5/spring-boot-starter-data-jpa-3.5.5.jar  /home/complex/.m2/repository/org/springframework/boot/spring-boot-starter-jdbc/3.5.5/spring-boot-starter-jdbc-3.5.5.jar  /home/complex/.m2/repository/com/zaxxer/HikariCP/6.3.2/HikariCP-6.3.2.jar  /home/complex/.m2/repository/org/springframework/spring-jdbc/6.2.10/spring-jdbc-6.2.10.jar  /home/complex/.m2/repository/org/hibernate/orm/hibernate-core/6.6.26.Final/hibernate-core-6.6.26.Final.jar  /home/complex/.m2/repository/jakarta/persistence/jakarta.persistence-api/3.1.0/jakarta.persistence-api-3.1.0.jar  /home/complex/.m2/repository/jakarta/transaction/jakarta.transaction-api/2.0.1/jakarta.transaction-api-2.0.1.jar  /home/complex/.m2/repository/org/jboss/logging/jboss-logging/3.6.1.Final/jboss-logging-3.6.1.Final.jar  /home/complex/.m2/repository/org/hibernate/common/hibernate-commons-annotations/7.0.3.Final/hibernate-commons-annotations-7.0.3.Final.jar  /home/complex/.m2/repository/io/smallrye/jandex/3.2.0/jandex-3.2.0.jar  /home/complex/.m2/repository/com/fasterxml/classmate/1.7.0/classmate-1.7.0.jar  /home/complex/.m2/repository/org/glassfish/jaxb/jaxb-runtime/4.0.5/jaxb-runtime-4.0.5.jar  /home/complex/.m2/repository/org/glassfish/jaxb/jaxb-core/4.0.5/jaxb-core-4.0.5.jar  /home/complex/.m2/repository/org/eclipse/angus/angus-activation/2.0.2/angus-activation-2.0.2.jar  /home/complex/.m2/repository/org/glassfish/jaxb/txw2/4.0.5/txw2-4.0.5.jar  /home/complex/.m2/repository/com/sun/istack/istack-commons-runtime/4.1.2/istack-commons-runtime-4.1.2.jar  /home/complex/.m2/repository/jakarta/inject/jakarta.inject-api/2.0.1/jakarta.inject-api-2.0.1.jar  /home/complex/.m2/repository/org/antlr/antlr4-runtime/4.13.0/antlr4-runtime-4.13.0.jar  /home/complex/.m2/repository/org/springframework/data/spring-data-jpa/3.5.3/spring-data-jpa-3.5.3.jar  /home/complex/.m2/repository/org/springframework/data/spring-data-commons/3.5.3/spring-data-commons-3.5.3.jar  /home/complex/.m2/repository/org/springframework/spring-orm/6.2.10/spring-orm-6.2.10.jar  /home/complex/.m2/repository/org/springframework/spring-tx/6.2.10/spring-tx-6.2.10.jar  /home/complex/.m2/repository/org/springframework/spring-aspects/6.2.10/spring-aspects-6.2.10.jar  /home/complex/.m2/repository/org/aspectj/aspectjweaver/1.9.24/aspectjweaver-1.9.24.jar  /home/complex/.m2/repository/org/springframework/boot/spring-boot-starter-validation/3.5.5/spring-boot-starter-validation-3.5.5.jar  /home/complex/.m2/repository/org/apache/tomcat/embed/tomcat-embed-el/10.1.44/tomcat-embed-el-10.1.44.jar  /home/complex/.m2/repository/org/hibernate/validator/hibernate-validator/8.0.3.Final/hibernate-validator-8.0.3.Final.jar  /home/complex/.m2/repository/jakarta/validation/jakarta.validation-api/3.0.2/jakarta.validation-api-3.0.2.jar  /home/complex/.m2/repository/io/jsonwebtoken/jjwt-api/0.12.5/jjwt-api-0.12.5.jar  /home/complex/.m2/repository/io/jsonwebtoken/jjwt-impl/0.12.5/jjwt-impl-0.12.5.jar  /home/complex/.m2/repository/io/jsonwebtoken/jjwt-jackson/0.12.5/jjwt-jackson-0.12.5.jar  /home/complex/.m2/repository/com/fasterxml/jackson/core/jackson-databind/2.19.2/jackson-databind-2.19.2.jar  /home/complex/.m2/repository/com/fasterxml/jackson/core/jackson-annotations/2.19.2/jackson-annotations-2.19.2.jar  /home/complex/.m2/repository/com/fasterxml/jackson/core/jackson-core/2.19.2/jackson-core-2.19.2.jar  /home/complex/.m2/repository/com/h2database/h2/2.3.232/h2-2.3.232.jar
[DEBUG] provider classpath:  /home/complex/.m2/repository/org/apache/maven/surefire/surefire-junit-platform/3.5.3/surefire-junit-platform-3.5.3.jar  /home/complex/.m2/repository/org/apache/maven/surefire/surefire-api/3.5.3/surefire-api-3.5.3.jar  /home/complex/.m2/repository/org/apache/maven/surefire/surefire-logger-api/3.5.3/surefire-logger-api-3.5.3.jar  /home/complex/.m2/repository/org/apache/maven/surefire/surefire-shared-utils/3.5.3/surefire-shared-utils-3.5.3.jar  /home/complex/.m2/repository/org/apache/maven/surefire/common-java5/3.5.3/common-java5-3.5.3.jar  /home/complex/.m2/repository/org/junit/platform/junit-platform-launcher/1.12.2/junit-platform-launcher-1.12.2.jar
[DEBUG] test(compact) classpath:  test-classes  classes  spring-boot-starter-security-3.5.5.jar  spring-boot-starter-3.5.5.jar  spring-boot-starter-logging-3.5.5.jar  logback-classic-1.5.18.jar  logback-core-1.5.18.jar  log4j-to-slf4j-2.24.3.jar  log4j-api-2.24.3.jar  jul-to-slf4j-2.0.17.jar  jakarta.annotation-api-2.1.1.jar  snakeyaml-2.4.jar  spring-aop-6.2.10.jar  spring-beans-6.2.10.jar  spring-security-config-6.5.3.jar  spring-context-6.2.10.jar  spring-security-web-6.5.3.jar  spring-expression-6.2.10.jar  spring-boot-starter-web-3.5.5.jar  spring-boot-starter-json-3.5.5.jar  jackson-datatype-jdk8-2.19.2.jar  jackson-datatype-jsr310-2.19.2.jar  jackson-module-parameter-names-2.19.2.jar  spring-boot-starter-tomcat-3.5.5.jar  tomcat-embed-core-10.1.44.jar  tomcat-embed-websocket-10.1.44.jar  spring-web-6.2.10.jar  micrometer-observation-1.15.3.jar  micrometer-commons-1.15.3.jar  spring-webmvc-6.2.10.jar  spring-boot-devtools-3.5.5.jar  spring-boot-3.5.5.jar  spring-boot-autoconfigure-3.5.5.jar  spring-boot-starter-test-3.5.5.jar  spring-boot-test-3.5.5.jar  spring-boot-test-autoconfigure-3.5.5.jar  json-path-2.9.0.jar  slf4j-api-2.0.17.jar  jakarta.xml.bind-api-4.0.2.jar  jakarta.activation-api-2.1.3.jar  json-smart-2.5.2.jar  accessors-smart-2.5.2.jar  asm-9.7.1.jar  assertj-core-3.27.4.jar  byte-buddy-1.17.7.jar  awaitility-4.2.2.jar  hamcrest-3.0.jar  junit-jupiter-5.12.2.jar  junit-jupiter-api-5.12.2.jar  opentest4j-1.3.0.jar  junit-platform-commons-1.12.2.jar  apiguardian-api-1.1.2.jar  junit-jupiter-params-5.12.2.jar  junit-jupiter-engine-5.12.2.jar  junit-platform-engine-1.12.2.jar  mockito-core-5.17.0.jar  byte-buddy-agent-1.17.7.jar  objenesis-3.3.jar  mockito-junit-jupiter-5.17.0.jar  jsonassert-1.5.3.jar  android-json-0.0.20131108.vaadin1.jar  spring-core-6.2.10.jar  spring-jcl-6.2.10.jar  spring-test-6.2.10.jar  xmlunit-core-2.10.3.jar  spring-boot-testcontainers-3.5.5.jar  testcontainers-1.21.3.jar  junit-4.13.2.jar  hamcrest-core-3.0.jar  commons-compress-1.24.0.jar  duct-tape-1.0.8.jar  annotations-17.0.0.jar  docker-java-api-3.4.2.jar  docker-java-transport-zerodep-3.4.2.jar  docker-java-transport-3.4.2.jar  jna-5.13.0.jar  spring-security-test-6.5.3.jar  spring-security-core-6.5.3.jar  spring-security-crypto-6.5.3.jar  junit-jupiter-1.21.3.jar  postgresql-42.7.7.jar  checker-qual-3.49.3.jar  spring-boot-starter-data-jpa-3.5.5.jar  spring-boot-starter-jdbc-3.5.5.jar  HikariCP-6.3.2.jar  spring-jdbc-6.2.10.jar  hibernate-core-6.6.26.Final.jar  jakarta.persistence-api-3.1.0.jar  jakarta.transaction-api-2.0.1.jar  jboss-logging-3.6.1.Final.jar  hibernate-commons-annotations-7.0.3.Final.jar  jandex-3.2.0.jar  classmate-1.7.0.jar  jaxb-runtime-4.0.5.jar  jaxb-core-4.0.5.jar  angus-activation-2.0.2.jar  txw2-4.0.5.jar  istack-commons-runtime-4.1.2.jar  jakarta.inject-api-2.0.1.jar  antlr4-runtime-4.13.0.jar  spring-data-jpa-3.5.3.jar  spring-data-commons-3.5.3.jar  spring-orm-6.2.10.jar  spring-tx-6.2.10.jar  spring-aspects-6.2.10.jar  aspectjweaver-1.9.24.jar  spring-boot-starter-validation-3.5.5.jar  tomcat-embed-el-10.1.44.jar  hibernate-validator-8.0.3.Final.jar  jakarta.validation-api-3.0.2.jar  jjwt-api-0.12.5.jar  jjwt-impl-0.12.5.jar  jjwt-jackson-0.12.5.jar  jackson-databind-2.19.2.jar  jackson-annotations-2.19.2.jar  jackson-core-2.19.2.jar  h2-2.3.232.jar
[DEBUG] provider(compact) classpath:  surefire-junit-platform-3.5.3.jar  surefire-api-3.5.3.jar  surefire-logger-api-3.5.3.jar  surefire-shared-utils-3.5.3.jar  common-java5-3.5.3.jar  junit-platform-launcher-1.12.2.jar
[DEBUG] in-process classpath:  /home/complex/.m2/repository/org/apache/maven/surefire/surefire-junit-platform/3.5.3/surefire-junit-platform-3.5.3.jar  /home/complex/.m2/repository/org/apache/maven/surefire/surefire-api/3.5.3/surefire-api-3.5.3.jar  /home/complex/.m2/repository/org/apache/maven/surefire/surefire-logger-api/3.5.3/surefire-logger-api-3.5.3.jar  /home/complex/.m2/repository/org/apache/maven/surefire/surefire-shared-utils/3.5.3/surefire-shared-utils-3.5.3.jar  /home/complex/.m2/repository/org/apache/maven/surefire/common-java5/3.5.3/common-java5-3.5.3.jar  /home/complex/.m2/repository/org/junit/platform/junit-platform-launcher/1.12.2/junit-platform-launcher-1.12.2.jar  /home/complex/.m2/repository/org/apache/maven/surefire/maven-surefire-common/3.5.3/maven-surefire-common-3.5.3.jar  /home/complex/.m2/repository/org/apache/maven/surefire/surefire-booter/3.5.3/surefire-booter-3.5.3.jar  /home/complex/.m2/repository/org/apache/maven/surefire/surefire-extensions-api/3.5.3/surefire-extensions-api-3.5.3.jar  /home/complex/.m2/repository/org/apache/maven/surefire/surefire-extensions-spi/3.5.3/surefire-extensions-spi-3.5.3.jar
[DEBUG] in-process(compact) classpath:  surefire-junit-platform-3.5.3.jar  surefire-api-3.5.3.jar  surefire-logger-api-3.5.3.jar  surefire-shared-utils-3.5.3.jar  common-java5-3.5.3.jar  junit-platform-launcher-1.12.2.jar  maven-surefire-common-3.5.3.jar  surefire-booter-3.5.3.jar  surefire-extensions-api-3.5.3.jar  surefire-extensions-spi-3.5.3.jar
[INFO] 
[INFO] -------------------------------------------------------
[INFO]  T E S T S
[INFO] -------------------------------------------------------
[DEBUG] Determined Maven Process ID 115843
[DEBUG] Fork Channel [1] connection string 'pipe://1' for the implementation class org.apache.maven.plugin.surefire.extensions.LegacyForkChannel
[DEBUG] boot classpath:  /home/complex/.m2/repository/org/apache/maven/surefire/surefire-booter/3.5.3/surefire-booter-3.5.3.jar  /home/complex/.m2/repository/org/apache/maven/surefire/surefire-api/3.5.3/surefire-api-3.5.3.jar  /home/complex/.m2/repository/org/apache/maven/surefire/surefire-extensions-spi/3.5.3/surefire-extensions-spi-3.5.3.jar  /home/complex/.m2/repository/org/apache/maven/surefire/surefire-shared-utils/3.5.3/surefire-shared-utils-3.5.3.jar  /home/complex/.m2/repository/org/apache/maven/surefire/surefire-logger-api/3.5.3/surefire-logger-api-3.5.3.jar  /home/complex/projects/Auction_Project/backend/target/test-classes  /home/complex/projects/Auction_Project/backend/target/classes  /home/complex/.m2/repository/org/springframework/boot/spring-boot-starter-security/3.5.5/spring-boot-starter-security-3.5.5.jar  /home/complex/.m2/repository/org/springframework/boot/spring-boot-starter/3.5.5/spring-boot-starter-3.5.5.jar  /home/complex/.m2/repository/org/springframework/boot/spring-boot-starter-logging/3.5.5/spring-boot-starter-logging-3.5.5.jar  /home/complex/.m2/repository/ch/qos/logback/logback-classic/1.5.18/logback-classic-1.5.18.jar  /home/complex/.m2/repository/ch/qos/logback/logback-core/1.5.18/logback-core-1.5.18.jar  /home/complex/.m2/repository/org/apache/logging/log4j/log4j-to-slf4j/2.24.3/log4j-to-slf4j-2.24.3.jar  /home/complex/.m2/repository/org/apache/logging/log4j/log4j-api/2.24.3/log4j-api-2.24.3.jar  /home/complex/.m2/repository/org/slf4j/jul-to-slf4j/2.0.17/jul-to-slf4j-2.0.17.jar  /home/complex/.m2/repository/jakarta/annotation/jakarta.annotation-api/2.1.1/jakarta.annotation-api-2.1.1.jar  /home/complex/.m2/repository/org/yaml/snakeyaml/2.4/snakeyaml-2.4.jar  /home/complex/.m2/repository/org/springframework/spring-aop/6.2.10/spring-aop-6.2.10.jar  /home/complex/.m2/repository/org/springframework/spring-beans/6.2.10/spring-beans-6.2.10.jar  /home/complex/.m2/repository/org/springframework/security/spring-security-config/6.5.3/spring-security-config-6.5.3.jar  /home/complex/.m2/repository/org/springframework/spring-context/6.2.10/spring-context-6.2.10.jar  /home/complex/.m2/repository/org/springframework/security/spring-security-web/6.5.3/spring-security-web-6.5.3.jar  /home/complex/.m2/repository/org/springframework/spring-expression/6.2.10/spring-expression-6.2.10.jar  /home/complex/.m2/repository/org/springframework/boot/spring-boot-starter-web/3.5.5/spring-boot-starter-web-3.5.5.jar  /home/complex/.m2/repository/org/springframework/boot/spring-boot-starter-json/3.5.5/spring-boot-starter-json-3.5.5.jar  /home/complex/.m2/repository/com/fasterxml/jackson/datatype/jackson-datatype-jdk8/2.19.2/jackson-datatype-jdk8-2.19.2.jar  /home/complex/.m2/repository/com/fasterxml/jackson/datatype/jackson-datatype-jsr310/2.19.2/jackson-datatype-jsr310-2.19.2.jar  /home/complex/.m2/repository/com/fasterxml/jackson/module/jackson-module-parameter-names/2.19.2/jackson-module-parameter-names-2.19.2.jar  /home/complex/.m2/repository/org/springframework/boot/spring-boot-starter-tomcat/3.5.5/spring-boot-starter-tomcat-3.5.5.jar  /home/complex/.m2/repository/org/apache/tomcat/embed/tomcat-embed-core/10.1.44/tomcat-embed-core-10.1.44.jar  /home/complex/.m2/repository/org/apache/tomcat/embed/tomcat-embed-websocket/10.1.44/tomcat-embed-websocket-10.1.44.jar  /home/complex/.m2/repository/org/springframework/spring-web/6.2.10/spring-web-6.2.10.jar  /home/complex/.m2/repository/io/micrometer/micrometer-observation/1.15.3/micrometer-observation-1.15.3.jar  /home/complex/.m2/repository/io/micrometer/micrometer-commons/1.15.3/micrometer-commons-1.15.3.jar  /home/complex/.m2/repository/org/springframework/spring-webmvc/6.2.10/spring-webmvc-6.2.10.jar  /home/complex/.m2/repository/org/springframework/boot/spring-boot-devtools/3.5.5/spring-boot-devtools-3.5.5.jar  /home/complex/.m2/repository/org/springframework/boot/spring-boot/3.5.5/spring-boot-3.5.5.jar  /home/complex/.m2/repository/org/springframework/boot/spring-boot-autoconfigure/3.5.5/spring-boot-autoconfigure-3.5.5.jar  /home/complex/.m2/repository/org/springframework/boot/spring-boot-starter-test/3.5.5/spring-boot-starter-test-3.5.5.jar  /home/complex/.m2/repository/org/springframework/boot/spring-boot-test/3.5.5/spring-boot-test-3.5.5.jar  /home/complex/.m2/repository/org/springframework/boot/spring-boot-test-autoconfigure/3.5.5/spring-boot-test-autoconfigure-3.5.5.jar  /home/complex/.m2/repository/com/jayway/jsonpath/json-path/2.9.0/json-path-2.9.0.jar  /home/complex/.m2/repository/org/slf4j/slf4j-api/2.0.17/slf4j-api-2.0.17.jar  /home/complex/.m2/repository/jakarta/xml/bind/jakarta.xml.bind-api/4.0.2/jakarta.xml.bind-api-4.0.2.jar  /home/complex/.m2/repository/jakarta/activation/jakarta.activation-api/2.1.3/jakarta.activation-api-2.1.3.jar  /home/complex/.m2/repository/net/minidev/json-smart/2.5.2/json-smart-2.5.2.jar  /home/complex/.m2/repository/net/minidev/accessors-smart/2.5.2/accessors-smart-2.5.2.jar  /home/complex/.m2/repository/org/ow2/asm/asm/9.7.1/asm-9.7.1.jar  /home/complex/.m2/repository/org/assertj/assertj-core/3.27.4/assertj-core-3.27.4.jar  /home/complex/.m2/repository/net/bytebuddy/byte-buddy/1.17.7/byte-buddy-1.17.7.jar  /home/complex/.m2/repository/org/awaitility/awaitility/4.2.2/awaitility-4.2.2.jar  /home/complex/.m2/repository/org/hamcrest/hamcrest/3.0/hamcrest-3.0.jar  /home/complex/.m2/repository/org/junit/jupiter/junit-jupiter/5.12.2/junit-jupiter-5.12.2.jar  /home/complex/.m2/repository/org/junit/jupiter/junit-jupiter-api/5.12.2/junit-jupiter-api-5.12.2.jar  /home/complex/.m2/repository/org/opentest4j/opentest4j/1.3.0/opentest4j-1.3.0.jar  /home/complex/.m2/repository/org/junit/platform/junit-platform-commons/1.12.2/junit-platform-commons-1.12.2.jar  /home/complex/.m2/repository/org/apiguardian/apiguardian-api/1.1.2/apiguardian-api-1.1.2.jar  /home/complex/.m2/repository/org/junit/jupiter/junit-jupiter-params/5.12.2/junit-jupiter-params-5.12.2.jar  /home/complex/.m2/repository/org/junit/jupiter/junit-jupiter-engine/5.12.2/junit-jupiter-engine-5.12.2.jar  /home/complex/.m2/repository/org/junit/platform/junit-platform-engine/1.12.2/junit-platform-engine-1.12.2.jar  /home/complex/.m2/repository/org/mockito/mockito-core/5.17.0/mockito-core-5.17.0.jar  /home/complex/.m2/repository/net/bytebuddy/byte-buddy-agent/1.17.7/byte-buddy-agent-1.17.7.jar  /home/complex/.m2/repository/org/objenesis/objenesis/3.3/objenesis-3.3.jar  /home/complex/.m2/repository/org/mockito/mockito-junit-jupiter/5.17.0/mockito-junit-jupiter-5.17.0.jar  /home/complex/.m2/repository/org/skyscreamer/jsonassert/1.5.3/jsonassert-1.5.3.jar  /home/complex/.m2/repository/com/vaadin/external/google/android-json/0.0.20131108.vaadin1/android-json-0.0.20131108.vaadin1.jar  /home/complex/.m2/repository/org/springframework/spring-core/6.2.10/spring-core-6.2.10.jar  /home/complex/.m2/repository/org/springframework/spring-jcl/6.2.10/spring-jcl-6.2.10.jar  /home/complex/.m2/repository/org/springframework/spring-test/6.2.10/spring-test-6.2.10.jar  /home/complex/.m2/repository/org/xmlunit/xmlunit-core/2.10.3/xmlunit-core-2.10.3.jar  /home/complex/.m2/repository/org/springframework/boot/spring-boot-testcontainers/3.5.5/spring-boot-testcontainers-3.5.5.jar  /home/complex/.m2/repository/org/testcontainers/testcontainers/1.21.3/testcontainers-1.21.3.jar  /home/complex/.m2/repository/junit/junit/4.13.2/junit-4.13.2.jar  /home/complex/.m2/repository/org/hamcrest/hamcrest-core/3.0/hamcrest-core-3.0.jar  /home/complex/.m2/repository/org/apache/commons/commons-compress/1.24.0/commons-compress-1.24.0.jar  /home/complex/.m2/repository/org/rnorth/duct-tape/duct-tape/1.0.8/duct-tape-1.0.8.jar  /home/complex/.m2/repository/org/jetbrains/annotations/17.0.0/annotations-17.0.0.jar  /home/complex/.m2/repository/com/github/docker-java/docker-java-api/3.4.2/docker-java-api-3.4.2.jar  /home/complex/.m2/repository/com/github/docker-java/docker-java-transport-zerodep/3.4.2/docker-java-transport-zerodep-3.4.2.jar  /home/complex/.m2/repository/com/github/docker-java/docker-java-transport/3.4.2/docker-java-transport-3.4.2.jar  /home/complex/.m2/repository/net/java/dev/jna/jna/5.13.0/jna-5.13.0.jar  /home/complex/.m2/repository/org/springframework/security/spring-security-test/6.5.3/spring-security-test-6.5.3.jar  /home/complex/.m2/repository/org/springframework/security/spring-security-core/6.5.3/spring-security-core-6.5.3.jar  /home/complex/.m2/repository/org/springframework/security/spring-security-crypto/6.5.3/spring-security-crypto-6.5.3.jar  /home/complex/.m2/repository/org/testcontainers/junit-jupiter/1.21.3/junit-jupiter-1.21.3.jar  /home/complex/.m2/repository/org/postgresql/postgresql/42.7.7/postgresql-42.7.7.jar  /home/complex/.m2/repository/org/checkerframework/checker-qual/3.49.3/checker-qual-3.49.3.jar  /home/complex/.m2/repository/org/springframework/boot/spring-boot-starter-data-jpa/3.5.5/spring-boot-starter-data-jpa-3.5.5.jar  /home/complex/.m2/repository/org/springframework/boot/spring-boot-starter-jdbc/3.5.5/spring-boot-starter-jdbc-3.5.5.jar  /home/complex/.m2/repository/com/zaxxer/HikariCP/6.3.2/HikariCP-6.3.2.jar  /home/complex/.m2/repository/org/springframework/spring-jdbc/6.2.10/spring-jdbc-6.2.10.jar  /home/complex/.m2/repository/org/hibernate/orm/hibernate-core/6.6.26.Final/hibernate-core-6.6.26.Final.jar  /home/complex/.m2/repository/jakarta/persistence/jakarta.persistence-api/3.1.0/jakarta.persistence-api-3.1.0.jar  /home/complex/.m2/repository/jakarta/transaction/jakarta.transaction-api/2.0.1/jakarta.transaction-api-2.0.1.jar  /home/complex/.m2/repository/org/jboss/logging/jboss-logging/3.6.1.Final/jboss-logging-3.6.1.Final.jar  /home/complex/.m2/repository/org/hibernate/common/hibernate-commons-annotations/7.0.3.Final/hibernate-commons-annotations-7.0.3.Final.jar  /home/complex/.m2/repository/io/smallrye/jandex/3.2.0/jandex-3.2.0.jar  /home/complex/.m2/repository/com/fasterxml/classmate/1.7.0/classmate-1.7.0.jar  /home/complex/.m2/repository/org/glassfish/jaxb/jaxb-runtime/4.0.5/jaxb-runtime-4.0.5.jar  /home/complex/.m2/repository/org/glassfish/jaxb/jaxb-core/4.0.5/jaxb-core-4.0.5.jar  /home/complex/.m2/repository/org/eclipse/angus/angus-activation/2.0.2/angus-activation-2.0.2.jar  /home/complex/.m2/repository/org/glassfish/jaxb/txw2/4.0.5/txw2-4.0.5.jar  /home/complex/.m2/repository/com/sun/istack/istack-commons-runtime/4.1.2/istack-commons-runtime-4.1.2.jar  /home/complex/.m2/repository/jakarta/inject/jakarta.inject-api/2.0.1/jakarta.inject-api-2.0.1.jar  /home/complex/.m2/repository/org/antlr/antlr4-runtime/4.13.0/antlr4-runtime-4.13.0.jar  /home/complex/.m2/repository/org/springframework/data/spring-data-jpa/3.5.3/spring-data-jpa-3.5.3.jar  /home/complex/.m2/repository/org/springframework/data/spring-data-commons/3.5.3/spring-data-commons-3.5.3.jar  /home/complex/.m2/repository/org/springframework/spring-orm/6.2.10/spring-orm-6.2.10.jar  /home/complex/.m2/repository/org/springframework/spring-tx/6.2.10/spring-tx-6.2.10.jar  /home/complex/.m2/repository/org/springframework/spring-aspects/6.2.10/spring-aspects-6.2.10.jar  /home/complex/.m2/repository/org/aspectj/aspectjweaver/1.9.24/aspectjweaver-1.9.24.jar  /home/complex/.m2/repository/org/springframework/boot/spring-boot-starter-validation/3.5.5/spring-boot-starter-validation-3.5.5.jar  /home/complex/.m2/repository/org/apache/tomcat/embed/tomcat-embed-el/10.1.44/tomcat-embed-el-10.1.44.jar  /home/complex/.m2/repository/org/hibernate/validator/hibernate-validator/8.0.3.Final/hibernate-validator-8.0.3.Final.jar  /home/complex/.m2/repository/jakarta/validation/jakarta.validation-api/3.0.2/jakarta.validation-api-3.0.2.jar  /home/complex/.m2/repository/io/jsonwebtoken/jjwt-api/0.12.5/jjwt-api-0.12.5.jar  /home/complex/.m2/repository/io/jsonwebtoken/jjwt-impl/0.12.5/jjwt-impl-0.12.5.jar  /home/complex/.m2/repository/io/jsonwebtoken/jjwt-jackson/0.12.5/jjwt-jackson-0.12.5.jar  /home/complex/.m2/repository/com/fasterxml/jackson/core/jackson-databind/2.19.2/jackson-databind-2.19.2.jar  /home/complex/.m2/repository/com/fasterxml/jackson/core/jackson-annotations/2.19.2/jackson-annotations-2.19.2.jar  /home/complex/.m2/repository/com/fasterxml/jackson/core/jackson-core/2.19.2/jackson-core-2.19.2.jar  /home/complex/.m2/repository/com/h2database/h2/2.3.232/h2-2.3.232.jar  /home/complex/.m2/repository/org/apache/maven/surefire/surefire-junit-platform/3.5.3/surefire-junit-platform-3.5.3.jar  /home/complex/.m2/repository/org/apache/maven/surefire/common-java5/3.5.3/common-java5-3.5.3.jar  /home/complex/.m2/repository/org/junit/platform/junit-platform-launcher/1.12.2/junit-platform-launcher-1.12.2.jar
[DEBUG] boot(compact) classpath:  surefire-booter-3.5.3.jar  surefire-api-3.5.3.jar  surefire-extensions-spi-3.5.3.jar  surefire-shared-utils-3.5.3.jar  surefire-logger-api-3.5.3.jar  test-classes  classes  spring-boot-starter-security-3.5.5.jar  spring-boot-starter-3.5.5.jar  spring-boot-starter-logging-3.5.5.jar  logback-classic-1.5.18.jar  logback-core-1.5.18.jar  log4j-to-slf4j-2.24.3.jar  log4j-api-2.24.3.jar  jul-to-slf4j-2.0.17.jar  jakarta.annotation-api-2.1.1.jar  snakeyaml-2.4.jar  spring-aop-6.2.10.jar  spring-beans-6.2.10.jar  spring-security-config-6.5.3.jar  spring-context-6.2.10.jar  spring-security-web-6.5.3.jar  spring-expression-6.2.10.jar  spring-boot-starter-web-3.5.5.jar  spring-boot-starter-json-3.5.5.jar  jackson-datatype-jdk8-2.19.2.jar  jackson-datatype-jsr310-2.19.2.jar  jackson-module-parameter-names-2.19.2.jar  spring-boot-starter-tomcat-3.5.5.jar  tomcat-embed-core-10.1.44.jar  tomcat-embed-websocket-10.1.44.jar  spring-web-6.2.10.jar  micrometer-observation-1.15.3.jar  micrometer-commons-1.15.3.jar  spring-webmvc-6.2.10.jar  spring-boot-devtools-3.5.5.jar  spring-boot-3.5.5.jar  spring-boot-autoconfigure-3.5.5.jar  spring-boot-starter-test-3.5.5.jar  spring-boot-test-3.5.5.jar  spring-boot-test-autoconfigure-3.5.5.jar  json-path-2.9.0.jar  slf4j-api-2.0.17.jar  jakarta.xml.bind-api-4.0.2.jar  jakarta.activation-api-2.1.3.jar  json-smart-2.5.2.jar  accessors-smart-2.5.2.jar  asm-9.7.1.jar  assertj-core-3.27.4.jar  byte-buddy-1.17.7.jar  awaitility-4.2.2.jar  hamcrest-3.0.jar  junit-jupiter-5.12.2.jar  junit-jupiter-api-5.12.2.jar  opentest4j-1.3.0.jar  junit-platform-commons-1.12.2.jar  apiguardian-api-1.1.2.jar  junit-jupiter-params-5.12.2.jar  junit-jupiter-engine-5.12.2.jar  junit-platform-engine-1.12.2.jar  mockito-core-5.17.0.jar  byte-buddy-agent-1.17.7.jar  objenesis-3.3.jar  mockito-junit-jupiter-5.17.0.jar  jsonassert-1.5.3.jar  android-json-0.0.20131108.vaadin1.jar  spring-core-6.2.10.jar  spring-jcl-6.2.10.jar  spring-test-6.2.10.jar  xmlunit-core-2.10.3.jar  spring-boot-testcontainers-3.5.5.jar  testcontainers-1.21.3.jar  junit-4.13.2.jar  hamcrest-core-3.0.jar  commons-compress-1.24.0.jar  duct-tape-1.0.8.jar  annotations-17.0.0.jar  docker-java-api-3.4.2.jar  docker-java-transport-zerodep-3.4.2.jar  docker-java-transport-3.4.2.jar  jna-5.13.0.jar  spring-security-test-6.5.3.jar  spring-security-core-6.5.3.jar  spring-security-crypto-6.5.3.jar  junit-jupiter-1.21.3.jar  postgresql-42.7.7.jar  checker-qual-3.49.3.jar  spring-boot-starter-data-jpa-3.5.5.jar  spring-boot-starter-jdbc-3.5.5.jar  HikariCP-6.3.2.jar  spring-jdbc-6.2.10.jar  hibernate-core-6.6.26.Final.jar  jakarta.persistence-api-3.1.0.jar  jakarta.transaction-api-2.0.1.jar  jboss-logging-3.6.1.Final.jar  hibernate-commons-annotations-7.0.3.Final.jar  jandex-3.2.0.jar  classmate-1.7.0.jar  jaxb-runtime-4.0.5.jar  jaxb-core-4.0.5.jar  angus-activation-2.0.2.jar  txw2-4.0.5.jar  istack-commons-runtime-4.1.2.jar  jakarta.inject-api-2.0.1.jar  antlr4-runtime-4.13.0.jar  spring-data-jpa-3.5.3.jar  spring-data-commons-3.5.3.jar  spring-orm-6.2.10.jar  spring-tx-6.2.10.jar  spring-aspects-6.2.10.jar  aspectjweaver-1.9.24.jar  spring-boot-starter-validation-3.5.5.jar  tomcat-embed-el-10.1.44.jar  hibernate-validator-8.0.3.Final.jar  jakarta.validation-api-3.0.2.jar  jjwt-api-0.12.5.jar  jjwt-impl-0.12.5.jar  jjwt-jackson-0.12.5.jar  jackson-databind-2.19.2.jar  jackson-annotations-2.19.2.jar  jackson-core-2.19.2.jar  h2-2.3.232.jar  surefire-junit-platform-3.5.3.jar  common-java5-3.5.3.jar  junit-platform-launcher-1.12.2.jar
[DEBUG] Forking command line: /bin/sh -c cd '/home/complex/projects/Auction_Project/backend' && '/usr/lib/jvm/java-21-openjdk-amd64/bin/java' '-jar' '/home/complex/projects/Auction_Project/backend/target/surefire/surefirebooter-20260628163423031_3.jar' '/home/complex/projects/Auction_Project/backend/target/surefire' '2026-06-28T16-34-22_968-jvmRun1' 'surefire-20260628163423031_1tmp' 'surefire_0-20260628163423031_2tmp'
[DEBUG] Fork Channel [1] connected to the client.
[INFO] Running com.complex.auction.BackendApplicationTests
16:34:23.599 [main] INFO org.springframework.test.context.support.AnnotationConfigContextLoaderUtils -- Could not detect default configuration classes for test class [com.complex.auction.BackendApplicationTests]: BackendApplicationTests does not declare any static, non-private, non-final, nested classes annotated with @Configuration.
16:34:23.727 [main] INFO org.springframework.boot.test.context.SpringBootTestContextBootstrapper -- Found @SpringBootConfiguration com.complex.auction.BackendApplication for test class com.complex.auction.BackendApplicationTests
16:34:23.869 [main] INFO org.springframework.boot.devtools.restart.RestartApplicationListener -- Restart disabled due to context in which it is running

  .   ____          _            __ _ _
 /\\ / ___'_ __ _ _(_)_ __  __ _ \ \ \ \
( ( )\___ | '_ | '_| | '_ \/ _` | \ \ \ \
 \\/  ___)| |_)| | | | | || (_| |  ) ) ) )
  '  |____| .__|_| |_|_| |_\__, | / / / /
 =========|_|==============|___/=/_/_/_/

 :: Spring Boot ::                (v3.5.5)

2026-06-28T16:34:24.143-04:00  INFO 116043 --- [auction-app] [           main] c.c.auction.BackendApplicationTests      : Starting BackendApplicationTests using Java 21.0.11 with PID 116043 (started by complex in /home/complex/projects/Auction_Project/backend)
2026-06-28T16:34:24.144-04:00  INFO 116043 --- [auction-app] [           main] c.c.auction.BackendApplicationTests      : The following 1 profile is active: "dev"
2026-06-28T16:34:24.763-04:00  INFO 116043 --- [auction-app] [           main] .s.d.r.c.RepositoryConfigurationDelegate : Bootstrapping Spring Data JPA repositories in DEFAULT mode.
2026-06-28T16:34:24.810-04:00  INFO 116043 --- [auction-app] [           main] .s.d.r.c.RepositoryConfigurationDelegate : Finished Spring Data repository scanning in 41 ms. Found 3 JPA repository interfaces.
2026-06-28T16:34:25.235-04:00  INFO 116043 --- [auction-app] [           main] o.hibernate.jpa.internal.util.LogHelper  : HHH000204: Processing PersistenceUnitInfo [name: default]
2026-06-28T16:34:25.275-04:00  INFO 116043 --- [auction-app] [           main] org.hibernate.Version                    : HHH000412: Hibernate ORM core version 6.6.26.Final
2026-06-28T16:34:25.299-04:00  INFO 116043 --- [auction-app] [           main] o.h.c.internal.RegionFactoryInitiator    : HHH000026: Second-level cache disabled
2026-06-28T16:34:25.508-04:00  INFO 116043 --- [auction-app] [           main] o.s.o.j.p.SpringPersistenceUnitInfo      : No LoadTimeWeaver setup: ignoring JPA class transformer
2026-06-28T16:34:25.531-04:00  INFO 116043 --- [auction-app] [           main] com.zaxxer.hikari.HikariDataSource       : HikariPool-1 - Starting...
2026-06-28T16:34:26.583-04:00  WARN 116043 --- [auction-app] [           main] o.h.engine.jdbc.spi.SqlExceptionHelper   : SQL Error: 0, SQLState: 08001
2026-06-28T16:34:26.583-04:00 ERROR 116043 --- [auction-app] [           main] o.h.engine.jdbc.spi.SqlExceptionHelper   : Connection to localhost:5432 refused. Check that the hostname and port are correct and that the postmaster is accepting TCP/IP connections.
2026-06-28T16:34:26.584-04:00  WARN 116043 --- [auction-app] [           main] o.h.e.j.e.i.JdbcEnvironmentInitiator     : HHH000342: Could not obtain connection to query metadata

org.hibernate.exception.JDBCConnectionException: unable to obtain isolated JDBC connection [Connection to localhost:5432 refused. Check that the hostname and port are correct and that the postmaster is accepting TCP/IP connections.] [n/a]
	at org.hibernate.exception.internal.SQLStateConversionDelegate.convert(SQLStateConversionDelegate.java:100) ~[hibernate-core-6.6.26.Final.jar:6.6.26.Final]
	at org.hibernate.exception.internal.StandardSQLExceptionConverter.convert(StandardSQLExceptionConverter.java:58) ~[hibernate-core-6.6.26.Final.jar:6.6.26.Final]
	at org.hibernate.engine.jdbc.spi.SqlExceptionHelper.convert(SqlExceptionHelper.java:108) ~[hibernate-core-6.6.26.Final.jar:6.6.26.Final]
	at org.hibernate.engine.jdbc.spi.SqlExceptionHelper.convert(SqlExceptionHelper.java:94) ~[hibernate-core-6.6.26.Final.jar:6.6.26.Final]
	at org.hibernate.resource.transaction.backend.jdbc.internal.JdbcIsolationDelegate.delegateWork(JdbcIsolationDelegate.java:116) ~[hibernate-core-6.6.26.Final.jar:6.6.26.Final]
	at org.hibernate.engine.jdbc.env.internal.JdbcEnvironmentInitiator.getJdbcEnvironmentUsingJdbcMetadata(JdbcEnvironmentInitiator.java:334) ~[hibernate-core-6.6.26.Final.jar:6.6.26.Final]
	at org.hibernate.engine.jdbc.env.internal.JdbcEnvironmentInitiator.initiateService(JdbcEnvironmentInitiator.java:129) ~[hibernate-core-6.6.26.Final.jar:6.6.26.Final]
	at org.hibernate.engine.jdbc.env.internal.JdbcEnvironmentInitiator.initiateService(JdbcEnvironmentInitiator.java:81) ~[hibernate-core-6.6.26.Final.jar:6.6.26.Final]
	at org.hibernate.boot.registry.internal.StandardServiceRegistryImpl.initiateService(StandardServiceRegistryImpl.java:130) ~[hibernate-core-6.6.26.Final.jar:6.6.26.Final]
	at org.hibernate.service.internal.AbstractServiceRegistryImpl.createService(AbstractServiceRegistryImpl.java:263) ~[hibernate-core-6.6.26.Final.jar:6.6.26.Final]
	at org.hibernate.service.internal.AbstractServiceRegistryImpl.initializeService(AbstractServiceRegistryImpl.java:238) ~[hibernate-core-6.6.26.Final.jar:6.6.26.Final]
	at org.hibernate.service.internal.AbstractServiceRegistryImpl.getService(AbstractServiceRegistryImpl.java:215) ~[hibernate-core-6.6.26.Final.jar:6.6.26.Final]
	at org.hibernate.boot.model.relational.Database.<init>(Database.java:45) ~[hibernate-core-6.6.26.Final.jar:6.6.26.Final]
	at org.hibernate.boot.internal.InFlightMetadataCollectorImpl.getDatabase(InFlightMetadataCollectorImpl.java:226) ~[hibernate-core-6.6.26.Final.jar:6.6.26.Final]
	at org.hibernate.boot.internal.InFlightMetadataCollectorImpl.<init>(InFlightMetadataCollectorImpl.java:194) ~[hibernate-core-6.6.26.Final.jar:6.6.26.Final]
	at org.hibernate.boot.model.process.spi.MetadataBuildingProcess.complete(MetadataBuildingProcess.java:171) ~[hibernate-core-6.6.26.Final.jar:6.6.26.Final]
	at org.hibernate.jpa.boot.internal.EntityManagerFactoryBuilderImpl.metadata(EntityManagerFactoryBuilderImpl.java:1442) ~[hibernate-core-6.6.26.Final.jar:6.6.26.Final]
	at org.hibernate.jpa.boot.internal.EntityManagerFactoryBuilderImpl.build(EntityManagerFactoryBuilderImpl.java:1513) ~[hibernate-core-6.6.26.Final.jar:6.6.26.Final]
	at org.springframework.orm.jpa.vendor.SpringHibernateJpaPersistenceProvider.createContainerEntityManagerFactory(SpringHibernateJpaPersistenceProvider.java:66) ~[spring-orm-6.2.10.jar:6.2.10]
	at org.springframework.orm.jpa.LocalContainerEntityManagerFactoryBean.createNativeEntityManagerFactory(LocalContainerEntityManagerFactoryBean.java:390) ~[spring-orm-6.2.10.jar:6.2.10]
	at org.springframework.orm.jpa.AbstractEntityManagerFactoryBean.buildNativeEntityManagerFactory(AbstractEntityManagerFactoryBean.java:419) ~[spring-orm-6.2.10.jar:6.2.10]
	at org.springframework.orm.jpa.AbstractEntityManagerFactoryBean.afterPropertiesSet(AbstractEntityManagerFactoryBean.java:400) ~[spring-orm-6.2.10.jar:6.2.10]
	at org.springframework.orm.jpa.LocalContainerEntityManagerFactoryBean.afterPropertiesSet(LocalContainerEntityManagerFactoryBean.java:366) ~[spring-orm-6.2.10.jar:6.2.10]
	at org.springframework.beans.factory.support.AbstractAutowireCapableBeanFactory.invokeInitMethods(AbstractAutowireCapableBeanFactory.java:1873) ~[spring-beans-6.2.10.jar:6.2.10]
	at org.springframework.beans.factory.support.AbstractAutowireCapableBeanFactory.initializeBean(AbstractAutowireCapableBeanFactory.java:1822) ~[spring-beans-6.2.10.jar:6.2.10]
	at org.springframework.beans.factory.support.AbstractAutowireCapableBeanFactory.doCreateBean(AbstractAutowireCapableBeanFactory.java:607) ~[spring-beans-6.2.10.jar:6.2.10]
	at org.springframework.beans.factory.support.AbstractAutowireCapableBeanFactory.createBean(AbstractAutowireCapableBeanFactory.java:529) ~[spring-beans-6.2.10.jar:6.2.10]
	at org.springframework.beans.factory.support.AbstractBeanFactory.lambda$doGetBean$0(AbstractBeanFactory.java:339) ~[spring-beans-6.2.10.jar:6.2.10]
	at org.springframework.beans.factory.support.DefaultSingletonBeanRegistry.getSingleton(DefaultSingletonBeanRegistry.java:373) ~[spring-beans-6.2.10.jar:6.2.10]
	at org.springframework.beans.factory.support.AbstractBeanFactory.doGetBean(AbstractBeanFactory.java:337) ~[spring-beans-6.2.10.jar:6.2.10]
	at org.springframework.beans.factory.support.AbstractBeanFactory.getBean(AbstractBeanFactory.java:207) ~[spring-beans-6.2.10.jar:6.2.10]
	at org.springframework.context.support.AbstractApplicationContext.finishBeanFactoryInitialization(AbstractApplicationContext.java:970) ~[spring-context-6.2.10.jar:6.2.10]
	at org.springframework.context.support.AbstractApplicationContext.refresh(AbstractApplicationContext.java:627) ~[spring-context-6.2.10.jar:6.2.10]
	at org.springframework.boot.SpringApplication.refresh(SpringApplication.java:752) ~[spring-boot-3.5.5.jar:3.5.5]
	at org.springframework.boot.SpringApplication.refreshContext(SpringApplication.java:439) ~[spring-boot-3.5.5.jar:3.5.5]
	at org.springframework.boot.SpringApplication.run(SpringApplication.java:318) ~[spring-boot-3.5.5.jar:3.5.5]
	at org.springframework.boot.test.context.SpringBootContextLoader.lambda$loadContext$3(SpringBootContextLoader.java:144) ~[spring-boot-test-3.5.5.jar:3.5.5]
	at org.springframework.util.function.ThrowingSupplier.get(ThrowingSupplier.java:58) ~[spring-core-6.2.10.jar:6.2.10]
	at org.springframework.util.function.ThrowingSupplier.get(ThrowingSupplier.java:46) ~[spring-core-6.2.10.jar:6.2.10]
	at org.springframework.boot.SpringApplication.withHook(SpringApplication.java:1461) ~[spring-boot-3.5.5.jar:3.5.5]
	at org.springframework.boot.test.context.SpringBootContextLoader$ContextLoaderHook.run(SpringBootContextLoader.java:563) ~[spring-boot-test-3.5.5.jar:3.5.5]
	at org.springframework.boot.test.context.SpringBootContextLoader.loadContext(SpringBootContextLoader.java:144) ~[spring-boot-test-3.5.5.jar:3.5.5]
	at org.springframework.boot.test.context.SpringBootContextLoader.loadContext(SpringBootContextLoader.java:110) ~[spring-boot-test-3.5.5.jar:3.5.5]
	at org.springframework.test.context.cache.DefaultCacheAwareContextLoaderDelegate.loadContextInternal(DefaultCacheAwareContextLoaderDelegate.java:225) ~[spring-test-6.2.10.jar:6.2.10]
	at org.springframework.test.context.cache.DefaultCacheAwareContextLoaderDelegate.loadContext(DefaultCacheAwareContextLoaderDelegate.java:152) ~[spring-test-6.2.10.jar:6.2.10]
	at org.springframework.test.context.support.DefaultTestContext.getApplicationContext(DefaultTestContext.java:130) ~[spring-test-6.2.10.jar:6.2.10]
	at org.springframework.test.context.web.ServletTestExecutionListener.setUpRequestContextIfNecessary(ServletTestExecutionListener.java:200) ~[spring-test-6.2.10.jar:6.2.10]
	at org.springframework.test.context.web.ServletTestExecutionListener.prepareTestInstance(ServletTestExecutionListener.java:139) ~[spring-test-6.2.10.jar:6.2.10]
	at org.springframework.test.context.TestContextManager.prepareTestInstance(TestContextManager.java:260) ~[spring-test-6.2.10.jar:6.2.10]
	at org.springframework.test.context.junit.jupiter.SpringExtension.postProcessTestInstance(SpringExtension.java:159) ~[spring-test-6.2.10.jar:6.2.10]
	at org.junit.jupiter.engine.descriptor.ClassBasedTestDescriptor.lambda$invokeTestInstancePostProcessors$10(ClassBasedTestDescriptor.java:383) ~[junit-jupiter-engine-5.12.2.jar:5.12.2]
	at org.junit.jupiter.engine.descriptor.ClassBasedTestDescriptor.executeAndMaskThrowable(ClassBasedTestDescriptor.java:388) ~[junit-jupiter-engine-5.12.2.jar:5.12.2]
	at org.junit.jupiter.engine.descriptor.ClassBasedTestDescriptor.lambda$invokeTestInstancePostProcessors$11(ClassBasedTestDescriptor.java:382) ~[junit-jupiter-engine-5.12.2.jar:5.12.2]
	at java.base/java.util.stream.ForEachOps$ForEachOp$OfRef.accept(ForEachOps.java:184) ~[na:na]
	at java.base/java.util.stream.ReferencePipeline$3$1.accept(ReferencePipeline.java:197) ~[na:na]
	at java.base/java.util.stream.ReferencePipeline$2$1.accept(ReferencePipeline.java:179) ~[na:na]
	at java.base/java.util.stream.ReferencePipeline$3$1.accept(ReferencePipeline.java:197) ~[na:na]
	at java.base/java.util.ArrayList$ArrayListSpliterator.forEachRemaining(ArrayList.java:1708) ~[na:na]
	at java.base/java.util.stream.AbstractPipeline.copyInto(AbstractPipeline.java:509) ~[na:na]
	at java.base/java.util.stream.AbstractPipeline.wrapAndCopyInto(AbstractPipeline.java:499) ~[na:na]
	at java.base/java.util.stream.ForEachOps$ForEachOp.evaluateSequential(ForEachOps.java:151) ~[na:na]
	at java.base/java.util.stream.ForEachOps$ForEachOp$OfRef.evaluateSequential(ForEachOps.java:174) ~[na:na]
	at java.base/java.util.stream.AbstractPipeline.evaluate(AbstractPipeline.java:234) ~[na:na]
	at java.base/java.util.stream.ReferencePipeline.forEach(ReferencePipeline.java:596) ~[na:na]
	at org.junit.jupiter.engine.descriptor.ClassBasedTestDescriptor.invokeTestInstancePostProcessors(ClassBasedTestDescriptor.java:382) ~[junit-jupiter-engine-5.12.2.jar:5.12.2]
	at org.junit.jupiter.engine.descriptor.ClassBasedTestDescriptor.lambda$instantiateAndPostProcessTestInstance$6(ClassBasedTestDescriptor.java:293) ~[junit-jupiter-engine-5.12.2.jar:5.12.2]
	at org.junit.platform.engine.support.hierarchical.ThrowableCollector.execute(ThrowableCollector.java:73) ~[junit-platform-engine-1.12.2.jar:1.12.2]
	at org.junit.jupiter.engine.descriptor.ClassBasedTestDescriptor.instantiateAndPostProcessTestInstance(ClassBasedTestDescriptor.java:292) ~[junit-jupiter-engine-5.12.2.jar:5.12.2]
	at org.junit.jupiter.engine.descriptor.ClassBasedTestDescriptor.lambda$testInstancesProvider$4(ClassBasedTestDescriptor.java:281) ~[junit-jupiter-engine-5.12.2.jar:5.12.2]
	at java.base/java.util.Optional.orElseGet(Optional.java:364) ~[na:na]
	at org.junit.jupiter.engine.descriptor.ClassBasedTestDescriptor.lambda$testInstancesProvider$5(ClassBasedTestDescriptor.java:280) ~[junit-jupiter-engine-5.12.2.jar:5.12.2]
	at org.junit.jupiter.engine.execution.TestInstancesProvider.getTestInstances(TestInstancesProvider.java:27) ~[junit-jupiter-engine-5.12.2.jar:5.12.2]
	at org.junit.jupiter.engine.descriptor.TestMethodTestDescriptor.lambda$prepare$0(TestMethodTestDescriptor.java:112) ~[junit-jupiter-engine-5.12.2.jar:5.12.2]
	at org.junit.platform.engine.support.hierarchical.ThrowableCollector.execute(ThrowableCollector.java:73) ~[junit-platform-engine-1.12.2.jar:1.12.2]
	at org.junit.jupiter.engine.descriptor.TestMethodTestDescriptor.prepare(TestMethodTestDescriptor.java:111) ~[junit-jupiter-engine-5.12.2.jar:5.12.2]
	at org.junit.jupiter.engine.descriptor.TestMethodTestDescriptor.prepare(TestMethodTestDescriptor.java:69) ~[junit-jupiter-engine-5.12.2.jar:5.12.2]
	at org.junit.platform.engine.support.hierarchical.NodeTestTask.lambda$prepare$2(NodeTestTask.java:128) ~[junit-platform-engine-1.12.2.jar:1.12.2]
	at org.junit.platform.engine.support.hierarchical.ThrowableCollector.execute(ThrowableCollector.java:73) ~[junit-platform-engine-1.12.2.jar:1.12.2]
	at org.junit.platform.engine.support.hierarchical.NodeTestTask.prepare(NodeTestTask.java:128) ~[junit-platform-engine-1.12.2.jar:1.12.2]
	at org.junit.platform.engine.support.hierarchical.NodeTestTask.execute(NodeTestTask.java:95) ~[junit-platform-engine-1.12.2.jar:1.12.2]
	at java.base/java.util.ArrayList.forEach(ArrayList.java:1596) ~[na:na]
	at org.junit.platform.engine.support.hierarchical.SameThreadHierarchicalTestExecutorService.invokeAll(SameThreadHierarchicalTestExecutorService.java:41) ~[junit-platform-engine-1.12.2.jar:1.12.2]
	at org.junit.platform.engine.support.hierarchical.NodeTestTask.lambda$executeRecursively$6(NodeTestTask.java:160) ~[junit-platform-engine-1.12.2.jar:1.12.2]
	at org.junit.platform.engine.support.hierarchical.ThrowableCollector.execute(ThrowableCollector.java:73) ~[junit-platform-engine-1.12.2.jar:1.12.2]
	at org.junit.platform.engine.support.hierarchical.NodeTestTask.lambda$executeRecursively$8(NodeTestTask.java:146) ~[junit-platform-engine-1.12.2.jar:1.12.2]
	at org.junit.platform.engine.support.hierarchical.Node.around(Node.java:137) ~[junit-platform-engine-1.12.2.jar:1.12.2]
	at org.junit.platform.engine.support.hierarchical.NodeTestTask.lambda$executeRecursively$9(NodeTestTask.java:144) ~[junit-platform-engine-1.12.2.jar:1.12.2]
	at org.junit.platform.engine.support.hierarchical.ThrowableCollector.execute(ThrowableCollector.java:73) ~[junit-platform-engine-1.12.2.jar:1.12.2]
	at org.junit.platform.engine.support.hierarchical.NodeTestTask.executeRecursively(NodeTestTask.java:143) ~[junit-platform-engine-1.12.2.jar:1.12.2]
	at org.junit.platform.engine.support.hierarchical.NodeTestTask.execute(NodeTestTask.java:100) ~[junit-platform-engine-1.12.2.jar:1.12.2]
	at java.base/java.util.ArrayList.forEach(ArrayList.java:1596) ~[na:na]
	at org.junit.platform.engine.support.hierarchical.SameThreadHierarchicalTestExecutorService.invokeAll(SameThreadHierarchicalTestExecutorService.java:41) ~[junit-platform-engine-1.12.2.jar:1.12.2]
	at org.junit.platform.engine.support.hierarchical.NodeTestTask.lambda$executeRecursively$6(NodeTestTask.java:160) ~[junit-platform-engine-1.12.2.jar:1.12.2]
	at org.junit.platform.engine.support.hierarchical.ThrowableCollector.execute(ThrowableCollector.java:73) ~[junit-platform-engine-1.12.2.jar:1.12.2]
	at org.junit.platform.engine.support.hierarchical.NodeTestTask.lambda$executeRecursively$8(NodeTestTask.java:146) ~[junit-platform-engine-1.12.2.jar:1.12.2]
	at org.junit.platform.engine.support.hierarchical.Node.around(Node.java:137) ~[junit-platform-engine-1.12.2.jar:1.12.2]
	at org.junit.platform.engine.support.hierarchical.NodeTestTask.lambda$executeRecursively$9(NodeTestTask.java:144) ~[junit-platform-engine-1.12.2.jar:1.12.2]
	at org.junit.platform.engine.support.hierarchical.ThrowableCollector.execute(ThrowableCollector.java:73) ~[junit-platform-engine-1.12.2.jar:1.12.2]
	at org.junit.platform.engine.support.hierarchical.NodeTestTask.executeRecursively(NodeTestTask.java:143) ~[junit-platform-engine-1.12.2.jar:1.12.2]
	at org.junit.platform.engine.support.hierarchical.NodeTestTask.execute(NodeTestTask.java:100) ~[junit-platform-engine-1.12.2.jar:1.12.2]
	at org.junit.platform.engine.support.hierarchical.SameThreadHierarchicalTestExecutorService.submit(SameThreadHierarchicalTestExecutorService.java:35) ~[junit-platform-engine-1.12.2.jar:1.12.2]
	at org.junit.platform.engine.support.hierarchical.HierarchicalTestExecutor.execute(HierarchicalTestExecutor.java:57) ~[junit-platform-engine-1.12.2.jar:1.12.2]
	at org.junit.platform.engine.support.hierarchical.HierarchicalTestEngine.execute(HierarchicalTestEngine.java:54) ~[junit-platform-engine-1.12.2.jar:1.12.2]
	at org.junit.platform.launcher.core.EngineExecutionOrchestrator.execute(EngineExecutionOrchestrator.java:201) ~[junit-platform-launcher-1.12.2.jar:1.12.2]
	at org.junit.platform.launcher.core.EngineExecutionOrchestrator.execute(EngineExecutionOrchestrator.java:170) ~[junit-platform-launcher-1.12.2.jar:1.12.2]
	at org.junit.platform.launcher.core.EngineExecutionOrchestrator.execute(EngineExecutionOrchestrator.java:94) ~[junit-platform-launcher-1.12.2.jar:1.12.2]
	at org.junit.platform.launcher.core.EngineExecutionOrchestrator.lambda$execute$0(EngineExecutionOrchestrator.java:59) ~[junit-platform-launcher-1.12.2.jar:1.12.2]
	at org.junit.platform.launcher.core.EngineExecutionOrchestrator.withInterceptedStreams(EngineExecutionOrchestrator.java:142) ~[junit-platform-launcher-1.12.2.jar:1.12.2]
	at org.junit.platform.launcher.core.EngineExecutionOrchestrator.execute(EngineExecutionOrchestrator.java:58) ~[junit-platform-launcher-1.12.2.jar:1.12.2]
	at org.junit.platform.launcher.core.DefaultLauncher.execute(DefaultLauncher.java:103) ~[junit-platform-launcher-1.12.2.jar:1.12.2]
	at org.junit.platform.launcher.core.DefaultLauncher.execute(DefaultLauncher.java:85) ~[junit-platform-launcher-1.12.2.jar:1.12.2]
	at org.junit.platform.launcher.core.DelegatingLauncher.execute(DelegatingLauncher.java:47) ~[junit-platform-launcher-1.12.2.jar:1.12.2]
	at org.junit.platform.launcher.core.InterceptingLauncher.lambda$execute$1(InterceptingLauncher.java:39) ~[junit-platform-launcher-1.12.2.jar:1.12.2]
	at org.junit.platform.launcher.core.ClasspathAlignmentCheckingLauncherInterceptor.intercept(ClasspathAlignmentCheckingLauncherInterceptor.java:25) ~[junit-platform-launcher-1.12.2.jar:1.12.2]
	at org.junit.platform.launcher.core.InterceptingLauncher.execute(InterceptingLauncher.java:38) ~[junit-platform-launcher-1.12.2.jar:1.12.2]
	at org.junit.platform.launcher.core.DelegatingLauncher.execute(DelegatingLauncher.java:47) ~[junit-platform-launcher-1.12.2.jar:1.12.2]
	at org.apache.maven.surefire.junitplatform.LazyLauncher.execute(LazyLauncher.java:56) ~[surefire-junit-platform-3.5.3.jar:3.5.3]
	at org.apache.maven.surefire.junitplatform.JUnitPlatformProvider.execute(JUnitPlatformProvider.java:194) ~[surefire-junit-platform-3.5.3.jar:3.5.3]
	at org.apache.maven.surefire.junitplatform.JUnitPlatformProvider.invokeAllTests(JUnitPlatformProvider.java:150) ~[surefire-junit-platform-3.5.3.jar:3.5.3]
	at org.apache.maven.surefire.junitplatform.JUnitPlatformProvider.invoke(JUnitPlatformProvider.java:124) ~[surefire-junit-platform-3.5.3.jar:3.5.3]
	at org.apache.maven.surefire.booter.ForkedBooter.runSuitesInProcess(ForkedBooter.java:385) ~[surefire-booter-3.5.3.jar:3.5.3]
	at org.apache.maven.surefire.booter.ForkedBooter.execute(ForkedBooter.java:162) ~[surefire-booter-3.5.3.jar:3.5.3]
	at org.apache.maven.surefire.booter.ForkedBooter.run(ForkedBooter.java:507) ~[surefire-booter-3.5.3.jar:3.5.3]
	at org.apache.maven.surefire.booter.ForkedBooter.main(ForkedBooter.java:495) ~[surefire-booter-3.5.3.jar:3.5.3]
Caused by: org.postgresql.util.PSQLException: Connection to localhost:5432 refused. Check that the hostname and port are correct and that the postmaster is accepting TCP/IP connections.
	at org.postgresql.core.v3.ConnectionFactoryImpl.openConnectionImpl(ConnectionFactoryImpl.java:373) ~[postgresql-42.7.7.jar:42.7.7]
	at org.postgresql.core.ConnectionFactory.openConnection(ConnectionFactory.java:57) ~[postgresql-42.7.7.jar:42.7.7]
	at org.postgresql.jdbc.PgConnection.<init>(PgConnection.java:277) ~[postgresql-42.7.7.jar:42.7.7]
	at org.postgresql.Driver.makeConnection(Driver.java:448) ~[postgresql-42.7.7.jar:42.7.7]
	at org.postgresql.Driver.connect(Driver.java:298) ~[postgresql-42.7.7.jar:42.7.7]
	at com.zaxxer.hikari.util.DriverDataSource.getConnection(DriverDataSource.java:144) ~[HikariCP-6.3.2.jar:na]
	at com.zaxxer.hikari.pool.PoolBase.newConnection(PoolBase.java:370) ~[HikariCP-6.3.2.jar:na]
	at com.zaxxer.hikari.pool.PoolBase.newPoolEntry(PoolBase.java:207) ~[HikariCP-6.3.2.jar:na]
	at com.zaxxer.hikari.pool.HikariPool.createPoolEntry(HikariPool.java:488) ~[HikariCP-6.3.2.jar:na]
	at com.zaxxer.hikari.pool.HikariPool.checkFailFast(HikariPool.java:576) ~[HikariCP-6.3.2.jar:na]
	at com.zaxxer.hikari.pool.HikariPool.<init>(HikariPool.java:97) ~[HikariCP-6.3.2.jar:na]
	at com.zaxxer.hikari.HikariDataSource.getConnection(HikariDataSource.java:111) ~[HikariCP-6.3.2.jar:na]
	at org.hibernate.engine.jdbc.connections.internal.DatasourceConnectionProviderImpl.getConnection(DatasourceConnectionProviderImpl.java:126) ~[hibernate-core-6.6.26.Final.jar:6.6.26.Final]
	at org.hibernate.engine.jdbc.env.internal.JdbcEnvironmentInitiator$ConnectionProviderJdbcConnectionAccess.obtainConnection(JdbcEnvironmentInitiator.java:485) ~[hibernate-core-6.6.26.Final.jar:6.6.26.Final]
	at org.hibernate.resource.transaction.backend.jdbc.internal.JdbcIsolationDelegate.delegateWork(JdbcIsolationDelegate.java:61) ~[hibernate-core-6.6.26.Final.jar:6.6.26.Final]
	... 119 common frames omitted
Caused by: java.net.ConnectException: Connection refused
	at java.base/sun.nio.ch.Net.pollConnect(Native Method) ~[na:na]
	at java.base/sun.nio.ch.Net.pollConnectNow(Net.java:694) ~[na:na]
	at java.base/sun.nio.ch.NioSocketImpl.timedFinishConnect(NioSocketImpl.java:542) ~[na:na]
	at java.base/sun.nio.ch.NioSocketImpl.connect(NioSocketImpl.java:592) ~[na:na]
	at java.base/java.net.SocksSocketImpl.connect(SocksSocketImpl.java:327) ~[na:na]
	at java.base/java.net.Socket.connect(Socket.java:751) ~[na:na]
	at org.postgresql.core.PGStream.createSocket(PGStream.java:261) ~[postgresql-42.7.7.jar:42.7.7]
	at org.postgresql.core.PGStream.<init>(PGStream.java:122) ~[postgresql-42.7.7.jar:42.7.7]
	at org.postgresql.core.v3.ConnectionFactoryImpl.tryConnect(ConnectionFactoryImpl.java:146) ~[postgresql-42.7.7.jar:42.7.7]
	at org.postgresql.core.v3.ConnectionFactoryImpl.openConnectionImpl(ConnectionFactoryImpl.java:289) ~[postgresql-42.7.7.jar:42.7.7]
	... 133 common frames omitted

2026-06-28T16:34:26.608-04:00  WARN 116043 --- [auction-app] [           main] org.hibernate.orm.deprecation            : HHH90000025: PostgreSQLDialect does not need to be specified explicitly using 'hibernate.dialect' (remove the property setting and it will be selected by default)
2026-06-28T16:34:26.617-04:00  INFO 116043 --- [auction-app] [           main] org.hibernate.orm.connections.pooling    : HHH10001005: Database info:
	Database JDBC URL [Connecting through datasource 'HikariDataSource (null)']
	Database driver: undefined/unknown
	Database version: 12.0
	Autocommit mode: undefined/unknown
	Isolation level: undefined/unknown
	Minimum pool size: undefined/unknown
	Maximum pool size: undefined/unknown
2026-06-28T16:34:27.369-04:00  INFO 116043 --- [auction-app] [           main] o.h.e.t.j.p.i.JtaPlatformInitiator       : HHH000489: No JTA platform available (set 'hibernate.transaction.jta.platform' to enable JTA platform integration)
Hibernate: 
    set client_min_messages = WARNING
2026-06-28T16:34:27.388-04:00  INFO 116043 --- [auction-app] [           main] com.zaxxer.hikari.HikariDataSource       : HikariPool-1 - Starting...
2026-06-28T16:34:28.389-04:00  WARN 116043 --- [auction-app] [           main] o.h.engine.jdbc.spi.SqlExceptionHelper   : SQL Error: 0, SQLState: 08001
2026-06-28T16:34:28.390-04:00 ERROR 116043 --- [auction-app] [           main] o.h.engine.jdbc.spi.SqlExceptionHelper   : Connection to localhost:5432 refused. Check that the hostname and port are correct and that the postmaster is accepting TCP/IP connections.
2026-06-28T16:34:28.393-04:00 ERROR 116043 --- [auction-app] [           main] j.LocalContainerEntityManagerFactoryBean : Failed to initialize JPA EntityManagerFactory: [PersistenceUnit: default] Unable to build Hibernate SessionFactory; nested exception is org.hibernate.exception.JDBCConnectionException: Unable to open JDBC Connection for DDL execution [Connection to localhost:5432 refused. Check that the hostname and port are correct and that the postmaster is accepting TCP/IP connections.] [n/a]
2026-06-28T16:34:28.394-04:00  WARN 116043 --- [auction-app] [           main] o.s.w.c.s.GenericWebApplicationContext   : Exception encountered during context initialization - cancelling refresh attempt: org.springframework.beans.factory.BeanCreationException: Error creating bean with name 'entityManagerFactory' defined in class path resource [org/springframework/boot/autoconfigure/orm/jpa/HibernateJpaConfiguration.class]: [PersistenceUnit: default] Unable to build Hibernate SessionFactory; nested exception is org.hibernate.exception.JDBCConnectionException: Unable to open JDBC Connection for DDL execution [Connection to localhost:5432 refused. Check that the hostname and port are correct and that the postmaster is accepting TCP/IP connections.] [n/a]
2026-06-28T16:34:28.415-04:00  INFO 116043 --- [auction-app] [           main] .s.b.a.l.ConditionEvaluationReportLogger : 

Error starting ApplicationContext. To display the condition evaluation report re-run your application with 'debug' enabled.
2026-06-28T16:34:28.437-04:00 ERROR 116043 --- [auction-app] [           main] o.s.boot.SpringApplication               : Application run failed

org.springframework.beans.factory.BeanCreationException: Error creating bean with name 'entityManagerFactory' defined in class path resource [org/springframework/boot/autoconfigure/orm/jpa/HibernateJpaConfiguration.class]: [PersistenceUnit: default] Unable to build Hibernate SessionFactory; nested exception is org.hibernate.exception.JDBCConnectionException: Unable to open JDBC Connection for DDL execution [Connection to localhost:5432 refused. Check that the hostname and port are correct and that the postmaster is accepting TCP/IP connections.] [n/a]
	at org.springframework.beans.factory.support.AbstractAutowireCapableBeanFactory.initializeBean(AbstractAutowireCapableBeanFactory.java:1826) ~[spring-beans-6.2.10.jar:6.2.10]
	at org.springframework.beans.factory.support.AbstractAutowireCapableBeanFactory.doCreateBean(AbstractAutowireCapableBeanFactory.java:607) ~[spring-beans-6.2.10.jar:6.2.10]
	at org.springframework.beans.factory.support.AbstractAutowireCapableBeanFactory.createBean(AbstractAutowireCapableBeanFactory.java:529) ~[spring-beans-6.2.10.jar:6.2.10]
	at org.springframework.beans.factory.support.AbstractBeanFactory.lambda$doGetBean$0(AbstractBeanFactory.java:339) ~[spring-beans-6.2.10.jar:6.2.10]
	at org.springframework.beans.factory.support.DefaultSingletonBeanRegistry.getSingleton(DefaultSingletonBeanRegistry.java:373) ~[spring-beans-6.2.10.jar:6.2.10]
	at org.springframework.beans.factory.support.AbstractBeanFactory.doGetBean(AbstractBeanFactory.java:337) ~[spring-beans-6.2.10.jar:6.2.10]
	at org.springframework.beans.factory.support.AbstractBeanFactory.getBean(AbstractBeanFactory.java:207) ~[spring-beans-6.2.10.jar:6.2.10]
	at org.springframework.context.support.AbstractApplicationContext.finishBeanFactoryInitialization(AbstractApplicationContext.java:970) ~[spring-context-6.2.10.jar:6.2.10]
	at org.springframework.context.support.AbstractApplicationContext.refresh(AbstractApplicationContext.java:627) ~[spring-context-6.2.10.jar:6.2.10]
	at org.springframework.boot.SpringApplication.refresh(SpringApplication.java:752) ~[spring-boot-3.5.5.jar:3.5.5]
	at org.springframework.boot.SpringApplication.refreshContext(SpringApplication.java:439) ~[spring-boot-3.5.5.jar:3.5.5]
	at org.springframework.boot.SpringApplication.run(SpringApplication.java:318) ~[spring-boot-3.5.5.jar:3.5.5]
	at org.springframework.boot.test.context.SpringBootContextLoader.lambda$loadContext$3(SpringBootContextLoader.java:144) ~[spring-boot-test-3.5.5.jar:3.5.5]
	at org.springframework.util.function.ThrowingSupplier.get(ThrowingSupplier.java:58) ~[spring-core-6.2.10.jar:6.2.10]
	at org.springframework.util.function.ThrowingSupplier.get(ThrowingSupplier.java:46) ~[spring-core-6.2.10.jar:6.2.10]
	at org.springframework.boot.SpringApplication.withHook(SpringApplication.java:1461) ~[spring-boot-3.5.5.jar:3.5.5]
	at org.springframework.boot.test.context.SpringBootContextLoader$ContextLoaderHook.run(SpringBootContextLoader.java:563) ~[spring-boot-test-3.5.5.jar:3.5.5]
	at org.springframework.boot.test.context.SpringBootContextLoader.loadContext(SpringBootContextLoader.java:144) ~[spring-boot-test-3.5.5.jar:3.5.5]
	at org.springframework.boot.test.context.SpringBootContextLoader.loadContext(SpringBootContextLoader.java:110) ~[spring-boot-test-3.5.5.jar:3.5.5]
	at org.springframework.test.context.cache.DefaultCacheAwareContextLoaderDelegate.loadContextInternal(DefaultCacheAwareContextLoaderDelegate.java:225) ~[spring-test-6.2.10.jar:6.2.10]
	at org.springframework.test.context.cache.DefaultCacheAwareContextLoaderDelegate.loadContext(DefaultCacheAwareContextLoaderDelegate.java:152) ~[spring-test-6.2.10.jar:6.2.10]
	at org.springframework.test.context.support.DefaultTestContext.getApplicationContext(DefaultTestContext.java:130) ~[spring-test-6.2.10.jar:6.2.10]
	at org.springframework.test.context.web.ServletTestExecutionListener.setUpRequestContextIfNecessary(ServletTestExecutionListener.java:200) ~[spring-test-6.2.10.jar:6.2.10]
	at org.springframework.test.context.web.ServletTestExecutionListener.prepareTestInstance(ServletTestExecutionListener.java:139) ~[spring-test-6.2.10.jar:6.2.10]
	at org.springframework.test.context.TestContextManager.prepareTestInstance(TestContextManager.java:260) ~[spring-test-6.2.10.jar:6.2.10]
	at org.springframework.test.context.junit.jupiter.SpringExtension.postProcessTestInstance(SpringExtension.java:159) ~[spring-test-6.2.10.jar:6.2.10]
	at org.junit.jupiter.engine.descriptor.ClassBasedTestDescriptor.lambda$invokeTestInstancePostProcessors$10(ClassBasedTestDescriptor.java:383) ~[junit-jupiter-engine-5.12.2.jar:5.12.2]
	at org.junit.jupiter.engine.descriptor.ClassBasedTestDescriptor.executeAndMaskThrowable(ClassBasedTestDescriptor.java:388) ~[junit-jupiter-engine-5.12.2.jar:5.12.2]
	at org.junit.jupiter.engine.descriptor.ClassBasedTestDescriptor.lambda$invokeTestInstancePostProcessors$11(ClassBasedTestDescriptor.java:382) ~[junit-jupiter-engine-5.12.2.jar:5.12.2]
	at java.base/java.util.stream.ForEachOps$ForEachOp$OfRef.accept(ForEachOps.java:184) ~[na:na]
	at java.base/java.util.stream.ReferencePipeline$3$1.accept(ReferencePipeline.java:197) ~[na:na]
	at java.base/java.util.stream.ReferencePipeline$2$1.accept(ReferencePipeline.java:179) ~[na:na]
	at java.base/java.util.stream.ReferencePipeline$3$1.accept(ReferencePipeline.java:197) ~[na:na]
	at java.base/java.util.ArrayList$ArrayListSpliterator.forEachRemaining(ArrayList.java:1708) ~[na:na]
	at java.base/java.util.stream.AbstractPipeline.copyInto(AbstractPipeline.java:509) ~[na:na]
	at java.base/java.util.stream.AbstractPipeline.wrapAndCopyInto(AbstractPipeline.java:499) ~[na:na]
	at java.base/java.util.stream.ForEachOps$ForEachOp.evaluateSequential(ForEachOps.java:151) ~[na:na]
	at java.base/java.util.stream.ForEachOps$ForEachOp$OfRef.evaluateSequential(ForEachOps.java:174) ~[na:na]
	at java.base/java.util.stream.AbstractPipeline.evaluate(AbstractPipeline.java:234) ~[na:na]
	at java.base/java.util.stream.ReferencePipeline.forEach(ReferencePipeline.java:596) ~[na:na]
	at org.junit.jupiter.engine.descriptor.ClassBasedTestDescriptor.invokeTestInstancePostProcessors(ClassBasedTestDescriptor.java:382) ~[junit-jupiter-engine-5.12.2.jar:5.12.2]
	at org.junit.jupiter.engine.descriptor.ClassBasedTestDescriptor.lambda$instantiateAndPostProcessTestInstance$6(ClassBasedTestDescriptor.java:293) ~[junit-jupiter-engine-5.12.2.jar:5.12.2]
	at org.junit.platform.engine.support.hierarchical.ThrowableCollector.execute(ThrowableCollector.java:73) ~[junit-platform-engine-1.12.2.jar:1.12.2]
	at org.junit.jupiter.engine.descriptor.ClassBasedTestDescriptor.instantiateAndPostProcessTestInstance(ClassBasedTestDescriptor.java:292) ~[junit-jupiter-engine-5.12.2.jar:5.12.2]
	at org.junit.jupiter.engine.descriptor.ClassBasedTestDescriptor.lambda$testInstancesProvider$4(ClassBasedTestDescriptor.java:281) ~[junit-jupiter-engine-5.12.2.jar:5.12.2]
	at java.base/java.util.Optional.orElseGet(Optional.java:364) ~[na:na]
	at org.junit.jupiter.engine.descriptor.ClassBasedTestDescriptor.lambda$testInstancesProvider$5(ClassBasedTestDescriptor.java:280) ~[junit-jupiter-engine-5.12.2.jar:5.12.2]
	at org.junit.jupiter.engine.execution.TestInstancesProvider.getTestInstances(TestInstancesProvider.java:27) ~[junit-jupiter-engine-5.12.2.jar:5.12.2]
	at org.junit.jupiter.engine.descriptor.TestMethodTestDescriptor.lambda$prepare$0(TestMethodTestDescriptor.java:112) ~[junit-jupiter-engine-5.12.2.jar:5.12.2]
	at org.junit.platform.engine.support.hierarchical.ThrowableCollector.execute(ThrowableCollector.java:73) ~[junit-platform-engine-1.12.2.jar:1.12.2]
	at org.junit.jupiter.engine.descriptor.TestMethodTestDescriptor.prepare(TestMethodTestDescriptor.java:111) ~[junit-jupiter-engine-5.12.2.jar:5.12.2]
	at org.junit.jupiter.engine.descriptor.TestMethodTestDescriptor.prepare(TestMethodTestDescriptor.java:69) ~[junit-jupiter-engine-5.12.2.jar:5.12.2]
	at org.junit.platform.engine.support.hierarchical.NodeTestTask.lambda$prepare$2(NodeTestTask.java:128) ~[junit-platform-engine-1.12.2.jar:1.12.2]
	at org.junit.platform.engine.support.hierarchical.ThrowableCollector.execute(ThrowableCollector.java:73) ~[junit-platform-engine-1.12.2.jar:1.12.2]
	at org.junit.platform.engine.support.hierarchical.NodeTestTask.prepare(NodeTestTask.java:128) ~[junit-platform-engine-1.12.2.jar:1.12.2]
	at org.junit.platform.engine.support.hierarchical.NodeTestTask.execute(NodeTestTask.java:95) ~[junit-platform-engine-1.12.2.jar:1.12.2]
	at java.base/java.util.ArrayList.forEach(ArrayList.java:1596) ~[na:na]
	at org.junit.platform.engine.support.hierarchical.SameThreadHierarchicalTestExecutorService.invokeAll(SameThreadHierarchicalTestExecutorService.java:41) ~[junit-platform-engine-1.12.2.jar:1.12.2]
	at org.junit.platform.engine.support.hierarchical.NodeTestTask.lambda$executeRecursively$6(NodeTestTask.java:160) ~[junit-platform-engine-1.12.2.jar:1.12.2]
	at org.junit.platform.engine.support.hierarchical.ThrowableCollector.execute(ThrowableCollector.java:73) ~[junit-platform-engine-1.12.2.jar:1.12.2]
	at org.junit.platform.engine.support.hierarchical.NodeTestTask.lambda$executeRecursively$8(NodeTestTask.java:146) ~[junit-platform-engine-1.12.2.jar:1.12.2]
	at org.junit.platform.engine.support.hierarchical.Node.around(Node.java:137) ~[junit-platform-engine-1.12.2.jar:1.12.2]
	at org.junit.platform.engine.support.hierarchical.NodeTestTask.lambda$executeRecursively$9(NodeTestTask.java:144) ~[junit-platform-engine-1.12.2.jar:1.12.2]
	at org.junit.platform.engine.support.hierarchical.ThrowableCollector.execute(ThrowableCollector.java:73) ~[junit-platform-engine-1.12.2.jar:1.12.2]
	at org.junit.platform.engine.support.hierarchical.NodeTestTask.executeRecursively(NodeTestTask.java:143) ~[junit-platform-engine-1.12.2.jar:1.12.2]
	at org.junit.platform.engine.support.hierarchical.NodeTestTask.execute(NodeTestTask.java:100) ~[junit-platform-engine-1.12.2.jar:1.12.2]
	at java.base/java.util.ArrayList.forEach(ArrayList.java:1596) ~[na:na]
	at org.junit.platform.engine.support.hierarchical.SameThreadHierarchicalTestExecutorService.invokeAll(SameThreadHierarchicalTestExecutorService.java:41) ~[junit-platform-engine-1.12.2.jar:1.12.2]
	at org.junit.platform.engine.support.hierarchical.NodeTestTask.lambda$executeRecursively$6(NodeTestTask.java:160) ~[junit-platform-engine-1.12.2.jar:1.12.2]
	at org.junit.platform.engine.support.hierarchical.ThrowableCollector.execute(ThrowableCollector.java:73) ~[junit-platform-engine-1.12.2.jar:1.12.2]
	at org.junit.platform.engine.support.hierarchical.NodeTestTask.lambda$executeRecursively$8(NodeTestTask.java:146) ~[junit-platform-engine-1.12.2.jar:1.12.2]
	at org.junit.platform.engine.support.hierarchical.Node.around(Node.java:137) ~[junit-platform-engine-1.12.2.jar:1.12.2]
	at org.junit.platform.engine.support.hierarchical.NodeTestTask.lambda$executeRecursively$9(NodeTestTask.java:144) ~[junit-platform-engine-1.12.2.jar:1.12.2]
	at org.junit.platform.engine.support.hierarchical.ThrowableCollector.execute(ThrowableCollector.java:73) ~[junit-platform-engine-1.12.2.jar:1.12.2]
	at org.junit.platform.engine.support.hierarchical.NodeTestTask.executeRecursively(NodeTestTask.java:143) ~[junit-platform-engine-1.12.2.jar:1.12.2]
	at org.junit.platform.engine.support.hierarchical.NodeTestTask.execute(NodeTestTask.java:100) ~[junit-platform-engine-1.12.2.jar:1.12.2]
	at org.junit.platform.engine.support.hierarchical.SameThreadHierarchicalTestExecutorService.submit(SameThreadHierarchicalTestExecutorService.java:35) ~[junit-platform-engine-1.12.2.jar:1.12.2]
	at org.junit.platform.engine.support.hierarchical.HierarchicalTestExecutor.execute(HierarchicalTestExecutor.java:57) ~[junit-platform-engine-1.12.2.jar:1.12.2]
	at org.junit.platform.engine.support.hierarchical.HierarchicalTestEngine.execute(HierarchicalTestEngine.java:54) ~[junit-platform-engine-1.12.2.jar:1.12.2]
	at org.junit.platform.launcher.core.EngineExecutionOrchestrator.execute(EngineExecutionOrchestrator.java:201) ~[junit-platform-launcher-1.12.2.jar:1.12.2]
	at org.junit.platform.launcher.core.EngineExecutionOrchestrator.execute(EngineExecutionOrchestrator.java:170) ~[junit-platform-launcher-1.12.2.jar:1.12.2]
	at org.junit.platform.launcher.core.EngineExecutionOrchestrator.execute(EngineExecutionOrchestrator.java:94) ~[junit-platform-launcher-1.12.2.jar:1.12.2]
	at org.junit.platform.launcher.core.EngineExecutionOrchestrator.lambda$execute$0(EngineExecutionOrchestrator.java:59) ~[junit-platform-launcher-1.12.2.jar:1.12.2]
	at org.junit.platform.launcher.core.EngineExecutionOrchestrator.withInterceptedStreams(EngineExecutionOrchestrator.java:142) ~[junit-platform-launcher-1.12.2.jar:1.12.2]
	at org.junit.platform.launcher.core.EngineExecutionOrchestrator.execute(EngineExecutionOrchestrator.java:58) ~[junit-platform-launcher-1.12.2.jar:1.12.2]
	at org.junit.platform.launcher.core.DefaultLauncher.execute(DefaultLauncher.java:103) ~[junit-platform-launcher-1.12.2.jar:1.12.2]
	at org.junit.platform.launcher.core.DefaultLauncher.execute(DefaultLauncher.java:85) ~[junit-platform-launcher-1.12.2.jar:1.12.2]
	at org.junit.platform.launcher.core.DelegatingLauncher.execute(DelegatingLauncher.java:47) ~[junit-platform-launcher-1.12.2.jar:1.12.2]
	at org.junit.platform.launcher.core.InterceptingLauncher.lambda$execute$1(InterceptingLauncher.java:39) ~[junit-platform-launcher-1.12.2.jar:1.12.2]
	at org.junit.platform.launcher.core.ClasspathAlignmentCheckingLauncherInterceptor.intercept(ClasspathAlignmentCheckingLauncherInterceptor.java:25) ~[junit-platform-launcher-1.12.2.jar:1.12.2]
	at org.junit.platform.launcher.core.InterceptingLauncher.execute(InterceptingLauncher.java:38) ~[junit-platform-launcher-1.12.2.jar:1.12.2]
	at org.junit.platform.launcher.core.DelegatingLauncher.execute(DelegatingLauncher.java:47) ~[junit-platform-launcher-1.12.2.jar:1.12.2]
	at org.apache.maven.surefire.junitplatform.LazyLauncher.execute(LazyLauncher.java:56) ~[surefire-junit-platform-3.5.3.jar:3.5.3]
	at org.apache.maven.surefire.junitplatform.JUnitPlatformProvider.execute(JUnitPlatformProvider.java:194) ~[surefire-junit-platform-3.5.3.jar:3.5.3]
	at org.apache.maven.surefire.junitplatform.JUnitPlatformProvider.invokeAllTests(JUnitPlatformProvider.java:150) ~[surefire-junit-platform-3.5.3.jar:3.5.3]
	at org.apache.maven.surefire.junitplatform.JUnitPlatformProvider.invoke(JUnitPlatformProvider.java:124) ~[surefire-junit-platform-3.5.3.jar:3.5.3]
	at org.apache.maven.surefire.booter.ForkedBooter.runSuitesInProcess(ForkedBooter.java:385) ~[surefire-booter-3.5.3.jar:3.5.3]
	at org.apache.maven.surefire.booter.ForkedBooter.execute(ForkedBooter.java:162) ~[surefire-booter-3.5.3.jar:3.5.3]
	at org.apache.maven.surefire.booter.ForkedBooter.run(ForkedBooter.java:507) ~[surefire-booter-3.5.3.jar:3.5.3]
	at org.apache.maven.surefire.booter.ForkedBooter.main(ForkedBooter.java:495) ~[surefire-booter-3.5.3.jar:3.5.3]
Caused by: jakarta.persistence.PersistenceException: [PersistenceUnit: default] Unable to build Hibernate SessionFactory; nested exception is org.hibernate.exception.JDBCConnectionException: Unable to open JDBC Connection for DDL execution [Connection to localhost:5432 refused. Check that the hostname and port are correct and that the postmaster is accepting TCP/IP connections.] [n/a]
	at org.springframework.orm.jpa.AbstractEntityManagerFactoryBean.buildNativeEntityManagerFactory(AbstractEntityManagerFactoryBean.java:431) ~[spring-orm-6.2.10.jar:6.2.10]
	at org.springframework.orm.jpa.AbstractEntityManagerFactoryBean.afterPropertiesSet(AbstractEntityManagerFactoryBean.java:400) ~[spring-orm-6.2.10.jar:6.2.10]
	at org.springframework.orm.jpa.LocalContainerEntityManagerFactoryBean.afterPropertiesSet(LocalContainerEntityManagerFactoryBean.java:366) ~[spring-orm-6.2.10.jar:6.2.10]
	at org.springframework.beans.factory.support.AbstractAutowireCapableBeanFactory.invokeInitMethods(AbstractAutowireCapableBeanFactory.java:1873) ~[spring-beans-6.2.10.jar:6.2.10]
	at org.springframework.beans.factory.support.AbstractAutowireCapableBeanFactory.initializeBean(AbstractAutowireCapableBeanFactory.java:1822) ~[spring-beans-6.2.10.jar:6.2.10]
	... 99 common frames omitted
Caused by: org.hibernate.exception.JDBCConnectionException: Unable to open JDBC Connection for DDL execution [Connection to localhost:5432 refused. Check that the hostname and port are correct and that the postmaster is accepting TCP/IP connections.] [n/a]
	at org.hibernate.exception.internal.SQLStateConversionDelegate.convert(SQLStateConversionDelegate.java:100) ~[hibernate-core-6.6.26.Final.jar:6.6.26.Final]
	at org.hibernate.exception.internal.StandardSQLExceptionConverter.convert(StandardSQLExceptionConverter.java:58) ~[hibernate-core-6.6.26.Final.jar:6.6.26.Final]
	at org.hibernate.engine.jdbc.spi.SqlExceptionHelper.convert(SqlExceptionHelper.java:108) ~[hibernate-core-6.6.26.Final.jar:6.6.26.Final]
	at org.hibernate.engine.jdbc.spi.SqlExceptionHelper.convert(SqlExceptionHelper.java:94) ~[hibernate-core-6.6.26.Final.jar:6.6.26.Final]
	at org.hibernate.resource.transaction.backend.jdbc.internal.DdlTransactionIsolatorNonJtaImpl.getIsolatedConnection(DdlTransactionIsolatorNonJtaImpl.java:74) ~[hibernate-core-6.6.26.Final.jar:6.6.26.Final]
	at org.hibernate.tool.schema.internal.exec.GenerationTargetToDatabase.getIsolatedConnection(GenerationTargetToDatabase.java:60) ~[hibernate-core-6.6.26.Final.jar:6.6.26.Final]
	at org.hibernate.tool.schema.internal.exec.GenerationTargetToDatabase.jdbcStatement(GenerationTargetToDatabase.java:112) ~[hibernate-core-6.6.26.Final.jar:6.6.26.Final]
	at org.hibernate.tool.schema.internal.exec.GenerationTargetToDatabase.accept(GenerationTargetToDatabase.java:79) ~[hibernate-core-6.6.26.Final.jar:6.6.26.Final]
	at org.hibernate.tool.schema.internal.Helper.applySqlString(Helper.java:233) ~[hibernate-core-6.6.26.Final.jar:6.6.26.Final]
	at org.hibernate.tool.schema.internal.SchemaDropperImpl.dropFromMetadata(SchemaDropperImpl.java:213) ~[hibernate-core-6.6.26.Final.jar:6.6.26.Final]
	at org.hibernate.tool.schema.internal.SchemaDropperImpl.performDrop(SchemaDropperImpl.java:186) ~[hibernate-core-6.6.26.Final.jar:6.6.26.Final]
	at org.hibernate.tool.schema.internal.SchemaDropperImpl.doDrop(SchemaDropperImpl.java:156) ~[hibernate-core-6.6.26.Final.jar:6.6.26.Final]
	at org.hibernate.tool.schema.internal.SchemaDropperImpl.doDrop(SchemaDropperImpl.java:116) ~[hibernate-core-6.6.26.Final.jar:6.6.26.Final]
	at org.hibernate.tool.schema.spi.SchemaManagementToolCoordinator.performDatabaseAction(SchemaManagementToolCoordinator.java:238) ~[hibernate-core-6.6.26.Final.jar:6.6.26.Final]
	at org.hibernate.tool.schema.spi.SchemaManagementToolCoordinator.lambda$process$5(SchemaManagementToolCoordinator.java:144) ~[hibernate-core-6.6.26.Final.jar:6.6.26.Final]
	at java.base/java.util.HashMap.forEach(HashMap.java:1429) ~[na:na]
	at org.hibernate.tool.schema.spi.SchemaManagementToolCoordinator.process(SchemaManagementToolCoordinator.java:141) ~[hibernate-core-6.6.26.Final.jar:6.6.26.Final]
	at org.hibernate.boot.internal.SessionFactoryObserverForSchemaExport.sessionFactoryCreated(SessionFactoryObserverForSchemaExport.java:37) ~[hibernate-core-6.6.26.Final.jar:6.6.26.Final]
	at org.hibernate.internal.SessionFactoryObserverChain.sessionFactoryCreated(SessionFactoryObserverChain.java:35) ~[hibernate-core-6.6.26.Final.jar:6.6.26.Final]
	at org.hibernate.internal.SessionFactoryImpl.<init>(SessionFactoryImpl.java:324) ~[hibernate-core-6.6.26.Final.jar:6.6.26.Final]
	at org.hibernate.boot.internal.SessionFactoryBuilderImpl.build(SessionFactoryBuilderImpl.java:463) ~[hibernate-core-6.6.26.Final.jar:6.6.26.Final]
	at org.hibernate.jpa.boot.internal.EntityManagerFactoryBuilderImpl.build(EntityManagerFactoryBuilderImpl.java:1517) ~[hibernate-core-6.6.26.Final.jar:6.6.26.Final]
	at org.springframework.orm.jpa.vendor.SpringHibernateJpaPersistenceProvider.createContainerEntityManagerFactory(SpringHibernateJpaPersistenceProvider.java:66) ~[spring-orm-6.2.10.jar:6.2.10]
	at org.springframework.orm.jpa.LocalContainerEntityManagerFactoryBean.createNativeEntityManagerFactory(LocalContainerEntityManagerFactoryBean.java:390) ~[spring-orm-6.2.10.jar:6.2.10]
	at org.springframework.orm.jpa.AbstractEntityManagerFactoryBean.buildNativeEntityManagerFactory(AbstractEntityManagerFactoryBean.java:419) ~[spring-orm-6.2.10.jar:6.2.10]
	... 103 common frames omitted
Caused by: org.postgresql.util.PSQLException: Connection to localhost:5432 refused. Check that the hostname and port are correct and that the postmaster is accepting TCP/IP connections.
	at org.postgresql.core.v3.ConnectionFactoryImpl.openConnectionImpl(ConnectionFactoryImpl.java:373) ~[postgresql-42.7.7.jar:42.7.7]
	at org.postgresql.core.ConnectionFactory.openConnection(ConnectionFactory.java:57) ~[postgresql-42.7.7.jar:42.7.7]
	at org.postgresql.jdbc.PgConnection.<init>(PgConnection.java:277) ~[postgresql-42.7.7.jar:42.7.7]
	at org.postgresql.Driver.makeConnection(Driver.java:448) ~[postgresql-42.7.7.jar:42.7.7]
	at org.postgresql.Driver.connect(Driver.java:298) ~[postgresql-42.7.7.jar:42.7.7]
	at com.zaxxer.hikari.util.DriverDataSource.getConnection(DriverDataSource.java:144) ~[HikariCP-6.3.2.jar:na]
	at com.zaxxer.hikari.pool.PoolBase.newConnection(PoolBase.java:370) ~[HikariCP-6.3.2.jar:na]
	at com.zaxxer.hikari.pool.PoolBase.newPoolEntry(PoolBase.java:207) ~[HikariCP-6.3.2.jar:na]
	at com.zaxxer.hikari.pool.HikariPool.createPoolEntry(HikariPool.java:488) ~[HikariCP-6.3.2.jar:na]
	at com.zaxxer.hikari.pool.HikariPool.checkFailFast(HikariPool.java:576) ~[HikariCP-6.3.2.jar:na]
	at com.zaxxer.hikari.pool.HikariPool.<init>(HikariPool.java:97) ~[HikariCP-6.3.2.jar:na]
	at com.zaxxer.hikari.HikariDataSource.getConnection(HikariDataSource.java:111) ~[HikariCP-6.3.2.jar:na]
	at org.hibernate.engine.jdbc.connections.internal.DatasourceConnectionProviderImpl.getConnection(DatasourceConnectionProviderImpl.java:126) ~[hibernate-core-6.6.26.Final.jar:6.6.26.Final]
	at org.hibernate.engine.jdbc.env.internal.JdbcEnvironmentInitiator$ConnectionProviderJdbcConnectionAccess.obtainConnection(JdbcEnvironmentInitiator.java:485) ~[hibernate-core-6.6.26.Final.jar:6.6.26.Final]
	at org.hibernate.resource.transaction.backend.jdbc.internal.DdlTransactionIsolatorNonJtaImpl.getIsolatedConnection(DdlTransactionIsolatorNonJtaImpl.java:46) ~[hibernate-core-6.6.26.Final.jar:6.6.26.Final]
	... 123 common frames omitted
Caused by: java.net.ConnectException: Connection refused
	at java.base/sun.nio.ch.Net.pollConnect(Native Method) ~[na:na]
	at java.base/sun.nio.ch.Net.pollConnectNow(Net.java:694) ~[na:na]
	at java.base/sun.nio.ch.NioSocketImpl.timedFinishConnect(NioSocketImpl.java:542) ~[na:na]
	at java.base/sun.nio.ch.NioSocketImpl.connect(NioSocketImpl.java:592) ~[na:na]
	at java.base/java.net.SocksSocketImpl.connect(SocksSocketImpl.java:327) ~[na:na]
	at java.base/java.net.Socket.connect(Socket.java:751) ~[na:na]
	at org.postgresql.core.PGStream.createSocket(PGStream.java:261) ~[postgresql-42.7.7.jar:42.7.7]
	at org.postgresql.core.PGStream.<init>(PGStream.java:122) ~[postgresql-42.7.7.jar:42.7.7]
	at org.postgresql.core.v3.ConnectionFactoryImpl.tryConnect(ConnectionFactoryImpl.java:146) ~[postgresql-42.7.7.jar:42.7.7]
	at org.postgresql.core.v3.ConnectionFactoryImpl.openConnectionImpl(ConnectionFactoryImpl.java:289) ~[postgresql-42.7.7.jar:42.7.7]
	... 137 common frames omitted

2026-06-28T16:34:28.449-04:00  WARN 116043 --- [auction-app] [           main] o.s.test.context.TestContextManager      : Caught exception while allowing TestExecutionListener [org.springframework.test.context.web.ServletTestExecutionListener] to prepare test instance [com.complex.auction.BackendApplicationTests@64de9fa4]

java.lang.IllegalStateException: Failed to load ApplicationContext for [WebMergedContextConfiguration@3e4ead73 testClass = com.complex.auction.BackendApplicationTests, locations = [], classes = [com.complex.auction.BackendApplication], contextInitializerClasses = [], activeProfiles = [], propertySourceDescriptors = [], propertySourceProperties = ["org.springframework.boot.test.context.SpringBootTestContextBootstrapper=true"], contextCustomizers = [org.springframework.boot.test.context.filter.ExcludeFilterContextCustomizer@24c1b2d2, org.springframework.boot.test.json.DuplicateJsonObjectContextCustomizerFactory$DuplicateJsonObjectContextCustomizer@465232e9, org.springframework.boot.test.mock.mockito.MockitoContextCustomizer@0, org.springframework.boot.test.web.client.TestRestTemplateContextCustomizer@49b2a47d, org.springframework.boot.test.web.reactor.netty.DisableReactorResourceFactoryGlobalResourcesContextCustomizerFactory$DisableReactorResourceFactoryGlobalResourcesContextCustomizerCustomizer@730d2164, org.springframework.boot.test.autoconfigure.OnFailureConditionReportContextCustomizerFactory$OnFailureConditionReportContextCustomizer@5c86dbc5, org.springframework.boot.test.autoconfigure.actuate.observability.ObservabilityContextCustomizerFactory$DisableObservabilityContextCustomizer@1f, org.springframework.boot.test.autoconfigure.properties.PropertyMappingContextCustomizer@0, org.springframework.boot.test.autoconfigure.web.servlet.WebDriverContextCustomizer@2c78324b, org.springframework.test.context.support.DynamicPropertiesContextCustomizer@0, org.springframework.boot.testcontainers.service.connection.ServiceConnectionContextCustomizer@0, org.springframework.boot.test.context.SpringBootTestAnnotation@fd24f600], resourceBasePath = "src/main/webapp", contextLoader = org.springframework.boot.test.context.SpringBootContextLoader, parent = null]
	at org.springframework.test.context.cache.DefaultCacheAwareContextLoaderDelegate.loadContext(DefaultCacheAwareContextLoaderDelegate.java:180) ~[spring-test-6.2.10.jar:6.2.10]
	at org.springframework.test.context.support.DefaultTestContext.getApplicationContext(DefaultTestContext.java:130) ~[spring-test-6.2.10.jar:6.2.10]
	at org.springframework.test.context.web.ServletTestExecutionListener.setUpRequestContextIfNecessary(ServletTestExecutionListener.java:200) ~[spring-test-6.2.10.jar:6.2.10]
	at org.springframework.test.context.web.ServletTestExecutionListener.prepareTestInstance(ServletTestExecutionListener.java:139) ~[spring-test-6.2.10.jar:6.2.10]
	at org.springframework.test.context.TestContextManager.prepareTestInstance(TestContextManager.java:260) ~[spring-test-6.2.10.jar:6.2.10]
	at org.springframework.test.context.junit.jupiter.SpringExtension.postProcessTestInstance(SpringExtension.java:159) ~[spring-test-6.2.10.jar:6.2.10]
	at org.junit.jupiter.engine.descriptor.ClassBasedTestDescriptor.lambda$invokeTestInstancePostProcessors$10(ClassBasedTestDescriptor.java:383) ~[junit-jupiter-engine-5.12.2.jar:5.12.2]
	at org.junit.jupiter.engine.descriptor.ClassBasedTestDescriptor.executeAndMaskThrowable(ClassBasedTestDescriptor.java:388) ~[junit-jupiter-engine-5.12.2.jar:5.12.2]
	at org.junit.jupiter.engine.descriptor.ClassBasedTestDescriptor.lambda$invokeTestInstancePostProcessors$11(ClassBasedTestDescriptor.java:382) ~[junit-jupiter-engine-5.12.2.jar:5.12.2]
	at java.base/java.util.stream.ForEachOps$ForEachOp$OfRef.accept(ForEachOps.java:184) ~[na:na]
	at java.base/java.util.stream.ReferencePipeline$3$1.accept(ReferencePipeline.java:197) ~[na:na]
	at java.base/java.util.stream.ReferencePipeline$2$1.accept(ReferencePipeline.java:179) ~[na:na]
	at java.base/java.util.stream.ReferencePipeline$3$1.accept(ReferencePipeline.java:197) ~[na:na]
	at java.base/java.util.ArrayList$ArrayListSpliterator.forEachRemaining(ArrayList.java:1708) ~[na:na]
	at java.base/java.util.stream.AbstractPipeline.copyInto(AbstractPipeline.java:509) ~[na:na]
	at java.base/java.util.stream.AbstractPipeline.wrapAndCopyInto(AbstractPipeline.java:499) ~[na:na]
	at java.base/java.util.stream.ForEachOps$ForEachOp.evaluateSequential(ForEachOps.java:151) ~[na:na]
	at java.base/java.util.stream.ForEachOps$ForEachOp$OfRef.evaluateSequential(ForEachOps.java:174) ~[na:na]
	at java.base/java.util.stream.AbstractPipeline.evaluate(AbstractPipeline.java:234) ~[na:na]
	at java.base/java.util.stream.ReferencePipeline.forEach(ReferencePipeline.java:596) ~[na:na]
	at org.junit.jupiter.engine.descriptor.ClassBasedTestDescriptor.invokeTestInstancePostProcessors(ClassBasedTestDescriptor.java:382) ~[junit-jupiter-engine-5.12.2.jar:5.12.2]
	at org.junit.jupiter.engine.descriptor.ClassBasedTestDescriptor.lambda$instantiateAndPostProcessTestInstance$6(ClassBasedTestDescriptor.java:293) ~[junit-jupiter-engine-5.12.2.jar:5.12.2]
	at org.junit.platform.engine.support.hierarchical.ThrowableCollector.execute(ThrowableCollector.java:73) ~[junit-platform-engine-1.12.2.jar:1.12.2]
	at org.junit.jupiter.engine.descriptor.ClassBasedTestDescriptor.instantiateAndPostProcessTestInstance(ClassBasedTestDescriptor.java:292) ~[junit-jupiter-engine-5.12.2.jar:5.12.2]
	at org.junit.jupiter.engine.descriptor.ClassBasedTestDescriptor.lambda$testInstancesProvider$4(ClassBasedTestDescriptor.java:281) ~[junit-jupiter-engine-5.12.2.jar:5.12.2]
	at java.base/java.util.Optional.orElseGet(Optional.java:364) ~[na:na]
	at org.junit.jupiter.engine.descriptor.ClassBasedTestDescriptor.lambda$testInstancesProvider$5(ClassBasedTestDescriptor.java:280) ~[junit-jupiter-engine-5.12.2.jar:5.12.2]
	at org.junit.jupiter.engine.execution.TestInstancesProvider.getTestInstances(TestInstancesProvider.java:27) ~[junit-jupiter-engine-5.12.2.jar:5.12.2]
	at org.junit.jupiter.engine.descriptor.TestMethodTestDescriptor.lambda$prepare$0(TestMethodTestDescriptor.java:112) ~[junit-jupiter-engine-5.12.2.jar:5.12.2]
	at org.junit.platform.engine.support.hierarchical.ThrowableCollector.execute(ThrowableCollector.java:73) ~[junit-platform-engine-1.12.2.jar:1.12.2]
	at org.junit.jupiter.engine.descriptor.TestMethodTestDescriptor.prepare(TestMethodTestDescriptor.java:111) ~[junit-jupiter-engine-5.12.2.jar:5.12.2]
	at org.junit.jupiter.engine.descriptor.TestMethodTestDescriptor.prepare(TestMethodTestDescriptor.java:69) ~[junit-jupiter-engine-5.12.2.jar:5.12.2]
	at org.junit.platform.engine.support.hierarchical.NodeTestTask.lambda$prepare$2(NodeTestTask.java:128) ~[junit-platform-engine-1.12.2.jar:1.12.2]
	at org.junit.platform.engine.support.hierarchical.ThrowableCollector.execute(ThrowableCollector.java:73) ~[junit-platform-engine-1.12.2.jar:1.12.2]
	at org.junit.platform.engine.support.hierarchical.NodeTestTask.prepare(NodeTestTask.java:128) ~[junit-platform-engine-1.12.2.jar:1.12.2]
	at org.junit.platform.engine.support.hierarchical.NodeTestTask.execute(NodeTestTask.java:95) ~[junit-platform-engine-1.12.2.jar:1.12.2]
	at java.base/java.util.ArrayList.forEach(ArrayList.java:1596) ~[na:na]
	at org.junit.platform.engine.support.hierarchical.SameThreadHierarchicalTestExecutorService.invokeAll(SameThreadHierarchicalTestExecutorService.java:41) ~[junit-platform-engine-1.12.2.jar:1.12.2]
	at org.junit.platform.engine.support.hierarchical.NodeTestTask.lambda$executeRecursively$6(NodeTestTask.java:160) ~[junit-platform-engine-1.12.2.jar:1.12.2]
	at org.junit.platform.engine.support.hierarchical.ThrowableCollector.execute(ThrowableCollector.java:73) ~[junit-platform-engine-1.12.2.jar:1.12.2]
	at org.junit.platform.engine.support.hierarchical.NodeTestTask.lambda$executeRecursively$8(NodeTestTask.java:146) ~[junit-platform-engine-1.12.2.jar:1.12.2]
	at org.junit.platform.engine.support.hierarchical.Node.around(Node.java:137) ~[junit-platform-engine-1.12.2.jar:1.12.2]
	at org.junit.platform.engine.support.hierarchical.NodeTestTask.lambda$executeRecursively$9(NodeTestTask.java:144) ~[junit-platform-engine-1.12.2.jar:1.12.2]
	at org.junit.platform.engine.support.hierarchical.ThrowableCollector.execute(ThrowableCollector.java:73) ~[junit-platform-engine-1.12.2.jar:1.12.2]
	at org.junit.platform.engine.support.hierarchical.NodeTestTask.executeRecursively(NodeTestTask.java:143) ~[junit-platform-engine-1.12.2.jar:1.12.2]
	at org.junit.platform.engine.support.hierarchical.NodeTestTask.execute(NodeTestTask.java:100) ~[junit-platform-engine-1.12.2.jar:1.12.2]
	at java.base/java.util.ArrayList.forEach(ArrayList.java:1596) ~[na:na]
	at org.junit.platform.engine.support.hierarchical.SameThreadHierarchicalTestExecutorService.invokeAll(SameThreadHierarchicalTestExecutorService.java:41) ~[junit-platform-engine-1.12.2.jar:1.12.2]
	at org.junit.platform.engine.support.hierarchical.NodeTestTask.lambda$executeRecursively$6(NodeTestTask.java:160) ~[junit-platform-engine-1.12.2.jar:1.12.2]
	at org.junit.platform.engine.support.hierarchical.ThrowableCollector.execute(ThrowableCollector.java:73) ~[junit-platform-engine-1.12.2.jar:1.12.2]
	at org.junit.platform.engine.support.hierarchical.NodeTestTask.lambda$executeRecursively$8(NodeTestTask.java:146) ~[junit-platform-engine-1.12.2.jar:1.12.2]
	at org.junit.platform.engine.support.hierarchical.Node.around(Node.java:137) ~[junit-platform-engine-1.12.2.jar:1.12.2]
	at org.junit.platform.engine.support.hierarchical.NodeTestTask.lambda$executeRecursively$9(NodeTestTask.java:144) ~[junit-platform-engine-1.12.2.jar:1.12.2]
	at org.junit.platform.engine.support.hierarchical.ThrowableCollector.execute(ThrowableCollector.java:73) ~[junit-platform-engine-1.12.2.jar:1.12.2]
	at org.junit.platform.engine.support.hierarchical.NodeTestTask.executeRecursively(NodeTestTask.java:143) ~[junit-platform-engine-1.12.2.jar:1.12.2]
	at org.junit.platform.engine.support.hierarchical.NodeTestTask.execute(NodeTestTask.java:100) ~[junit-platform-engine-1.12.2.jar:1.12.2]
	at org.junit.platform.engine.support.hierarchical.SameThreadHierarchicalTestExecutorService.submit(SameThreadHierarchicalTestExecutorService.java:35) ~[junit-platform-engine-1.12.2.jar:1.12.2]
	at org.junit.platform.engine.support.hierarchical.HierarchicalTestExecutor.execute(HierarchicalTestExecutor.java:57) ~[junit-platform-engine-1.12.2.jar:1.12.2]
	at org.junit.platform.engine.support.hierarchical.HierarchicalTestEngine.execute(HierarchicalTestEngine.java:54) ~[junit-platform-engine-1.12.2.jar:1.12.2]
	at org.junit.platform.launcher.core.EngineExecutionOrchestrator.execute(EngineExecutionOrchestrator.java:201) ~[junit-platform-launcher-1.12.2.jar:1.12.2]
	at org.junit.platform.launcher.core.EngineExecutionOrchestrator.execute(EngineExecutionOrchestrator.java:170) ~[junit-platform-launcher-1.12.2.jar:1.12.2]
	at org.junit.platform.launcher.core.EngineExecutionOrchestrator.execute(EngineExecutionOrchestrator.java:94) ~[junit-platform-launcher-1.12.2.jar:1.12.2]
	at org.junit.platform.launcher.core.EngineExecutionOrchestrator.lambda$execute$0(EngineExecutionOrchestrator.java:59) ~[junit-platform-launcher-1.12.2.jar:1.12.2]
	at org.junit.platform.launcher.core.EngineExecutionOrchestrator.withInterceptedStreams(EngineExecutionOrchestrator.java:142) ~[junit-platform-launcher-1.12.2.jar:1.12.2]
	at org.junit.platform.launcher.core.EngineExecutionOrchestrator.execute(EngineExecutionOrchestrator.java:58) ~[junit-platform-launcher-1.12.2.jar:1.12.2]
	at org.junit.platform.launcher.core.DefaultLauncher.execute(DefaultLauncher.java:103) ~[junit-platform-launcher-1.12.2.jar:1.12.2]
	at org.junit.platform.launcher.core.DefaultLauncher.execute(DefaultLauncher.java:85) ~[junit-platform-launcher-1.12.2.jar:1.12.2]
	at org.junit.platform.launcher.core.DelegatingLauncher.execute(DelegatingLauncher.java:47) ~[junit-platform-launcher-1.12.2.jar:1.12.2]
	at org.junit.platform.launcher.core.InterceptingLauncher.lambda$execute$1(InterceptingLauncher.java:39) ~[junit-platform-launcher-1.12.2.jar:1.12.2]
	at org.junit.platform.launcher.core.ClasspathAlignmentCheckingLauncherInterceptor.intercept(ClasspathAlignmentCheckingLauncherInterceptor.java:25) ~[junit-platform-launcher-1.12.2.jar:1.12.2]
	at org.junit.platform.launcher.core.InterceptingLauncher.execute(InterceptingLauncher.java:38) ~[junit-platform-launcher-1.12.2.jar:1.12.2]
	at org.junit.platform.launcher.core.DelegatingLauncher.execute(DelegatingLauncher.java:47) ~[junit-platform-launcher-1.12.2.jar:1.12.2]
	at org.apache.maven.surefire.junitplatform.LazyLauncher.execute(LazyLauncher.java:56) ~[surefire-junit-platform-3.5.3.jar:3.5.3]
	at org.apache.maven.surefire.junitplatform.JUnitPlatformProvider.execute(JUnitPlatformProvider.java:194) ~[surefire-junit-platform-3.5.3.jar:3.5.3]
	at org.apache.maven.surefire.junitplatform.JUnitPlatformProvider.invokeAllTests(JUnitPlatformProvider.java:150) ~[surefire-junit-platform-3.5.3.jar:3.5.3]
	at org.apache.maven.surefire.junitplatform.JUnitPlatformProvider.invoke(JUnitPlatformProvider.java:124) ~[surefire-junit-platform-3.5.3.jar:3.5.3]
	at org.apache.maven.surefire.booter.ForkedBooter.runSuitesInProcess(ForkedBooter.java:385) ~[surefire-booter-3.5.3.jar:3.5.3]
	at org.apache.maven.surefire.booter.ForkedBooter.execute(ForkedBooter.java:162) ~[surefire-booter-3.5.3.jar:3.5.3]
	at org.apache.maven.surefire.booter.ForkedBooter.run(ForkedBooter.java:507) ~[surefire-booter-3.5.3.jar:3.5.3]
	at org.apache.maven.surefire.booter.ForkedBooter.main(ForkedBooter.java:495) ~[surefire-booter-3.5.3.jar:3.5.3]
Caused by: org.springframework.beans.factory.BeanCreationException: Error creating bean with name 'entityManagerFactory' defined in class path resource [org/springframework/boot/autoconfigure/orm/jpa/HibernateJpaConfiguration.class]: [PersistenceUnit: default] Unable to build Hibernate SessionFactory; nested exception is org.hibernate.exception.JDBCConnectionException: Unable to open JDBC Connection for DDL execution [Connection to localhost:5432 refused. Check that the hostname and port are correct and that the postmaster is accepting TCP/IP connections.] [n/a]
	at org.springframework.beans.factory.support.AbstractAutowireCapableBeanFactory.initializeBean(AbstractAutowireCapableBeanFactory.java:1826) ~[spring-beans-6.2.10.jar:6.2.10]
	at org.springframework.beans.factory.support.AbstractAutowireCapableBeanFactory.doCreateBean(AbstractAutowireCapableBeanFactory.java:607) ~[spring-beans-6.2.10.jar:6.2.10]
	at org.springframework.beans.factory.support.AbstractAutowireCapableBeanFactory.createBean(AbstractAutowireCapableBeanFactory.java:529) ~[spring-beans-6.2.10.jar:6.2.10]
	at org.springframework.beans.factory.support.AbstractBeanFactory.lambda$doGetBean$0(AbstractBeanFactory.java:339) ~[spring-beans-6.2.10.jar:6.2.10]
	at org.springframework.beans.factory.support.DefaultSingletonBeanRegistry.getSingleton(DefaultSingletonBeanRegistry.java:373) ~[spring-beans-6.2.10.jar:6.2.10]
	at org.springframework.beans.factory.support.AbstractBeanFactory.doGetBean(AbstractBeanFactory.java:337) ~[spring-beans-6.2.10.jar:6.2.10]
	at org.springframework.beans.factory.support.AbstractBeanFactory.getBean(AbstractBeanFactory.java:207) ~[spring-beans-6.2.10.jar:6.2.10]
	at org.springframework.context.support.AbstractApplicationContext.finishBeanFactoryInitialization(AbstractApplicationContext.java:970) ~[spring-context-6.2.10.jar:6.2.10]
	at org.springframework.context.support.AbstractApplicationContext.refresh(AbstractApplicationContext.java:627) ~[spring-context-6.2.10.jar:6.2.10]
	at org.springframework.boot.SpringApplication.refresh(SpringApplication.java:752) ~[spring-boot-3.5.5.jar:3.5.5]
	at org.springframework.boot.SpringApplication.refreshContext(SpringApplication.java:439) ~[spring-boot-3.5.5.jar:3.5.5]
	at org.springframework.boot.SpringApplication.run(SpringApplication.java:318) ~[spring-boot-3.5.5.jar:3.5.5]
	at org.springframework.boot.test.context.SpringBootContextLoader.lambda$loadContext$3(SpringBootContextLoader.java:144) ~[spring-boot-test-3.5.5.jar:3.5.5]
	at org.springframework.util.function.ThrowingSupplier.get(ThrowingSupplier.java:58) ~[spring-core-6.2.10.jar:6.2.10]
	at org.springframework.util.function.ThrowingSupplier.get(ThrowingSupplier.java:46) ~[spring-core-6.2.10.jar:6.2.10]
	at org.springframework.boot.SpringApplication.withHook(SpringApplication.java:1461) ~[spring-boot-3.5.5.jar:3.5.5]
	at org.springframework.boot.test.context.SpringBootContextLoader$ContextLoaderHook.run(SpringBootContextLoader.java:563) ~[spring-boot-test-3.5.5.jar:3.5.5]
	at org.springframework.boot.test.context.SpringBootContextLoader.loadContext(SpringBootContextLoader.java:144) ~[spring-boot-test-3.5.5.jar:3.5.5]
	at org.springframework.boot.test.context.SpringBootContextLoader.loadContext(SpringBootContextLoader.java:110) ~[spring-boot-test-3.5.5.jar:3.5.5]
	at org.springframework.test.context.cache.DefaultCacheAwareContextLoaderDelegate.loadContextInternal(DefaultCacheAwareContextLoaderDelegate.java:225) ~[spring-test-6.2.10.jar:6.2.10]
	at org.springframework.test.context.cache.DefaultCacheAwareContextLoaderDelegate.loadContext(DefaultCacheAwareContextLoaderDelegate.java:152) ~[spring-test-6.2.10.jar:6.2.10]
	... 79 common frames omitted
Caused by: jakarta.persistence.PersistenceException: [PersistenceUnit: default] Unable to build Hibernate SessionFactory; nested exception is org.hibernate.exception.JDBCConnectionException: Unable to open JDBC Connection for DDL execution [Connection to localhost:5432 refused. Check that the hostname and port are correct and that the postmaster is accepting TCP/IP connections.] [n/a]
	at org.springframework.orm.jpa.AbstractEntityManagerFactoryBean.buildNativeEntityManagerFactory(AbstractEntityManagerFactoryBean.java:431) ~[spring-orm-6.2.10.jar:6.2.10]
	at org.springframework.orm.jpa.AbstractEntityManagerFactoryBean.afterPropertiesSet(AbstractEntityManagerFactoryBean.java:400) ~[spring-orm-6.2.10.jar:6.2.10]
	at org.springframework.orm.jpa.LocalContainerEntityManagerFactoryBean.afterPropertiesSet(LocalContainerEntityManagerFactoryBean.java:366) ~[spring-orm-6.2.10.jar:6.2.10]
	at org.springframework.beans.factory.support.AbstractAutowireCapableBeanFactory.invokeInitMethods(AbstractAutowireCapableBeanFactory.java:1873) ~[spring-beans-6.2.10.jar:6.2.10]
	at org.springframework.beans.factory.support.AbstractAutowireCapableBeanFactory.initializeBean(AbstractAutowireCapableBeanFactory.java:1822) ~[spring-beans-6.2.10.jar:6.2.10]
	... 99 common frames omitted
Caused by: org.hibernate.exception.JDBCConnectionException: Unable to open JDBC Connection for DDL execution [Connection to localhost:5432 refused. Check that the hostname and port are correct and that the postmaster is accepting TCP/IP connections.] [n/a]
	at org.hibernate.exception.internal.SQLStateConversionDelegate.convert(SQLStateConversionDelegate.java:100) ~[hibernate-core-6.6.26.Final.jar:6.6.26.Final]
	at org.hibernate.exception.internal.StandardSQLExceptionConverter.convert(StandardSQLExceptionConverter.java:58) ~[hibernate-core-6.6.26.Final.jar:6.6.26.Final]
	at org.hibernate.engine.jdbc.spi.SqlExceptionHelper.convert(SqlExceptionHelper.java:108) ~[hibernate-core-6.6.26.Final.jar:6.6.26.Final]
	at org.hibernate.engine.jdbc.spi.SqlExceptionHelper.convert(SqlExceptionHelper.java:94) ~[hibernate-core-6.6.26.Final.jar:6.6.26.Final]
	at org.hibernate.resource.transaction.backend.jdbc.internal.DdlTransactionIsolatorNonJtaImpl.getIsolatedConnection(DdlTransactionIsolatorNonJtaImpl.java:74) ~[hibernate-core-6.6.26.Final.jar:6.6.26.Final]
	at org.hibernate.tool.schema.internal.exec.GenerationTargetToDatabase.getIsolatedConnection(GenerationTargetToDatabase.java:60) ~[hibernate-core-6.6.26.Final.jar:6.6.26.Final]
	at org.hibernate.tool.schema.internal.exec.GenerationTargetToDatabase.jdbcStatement(GenerationTargetToDatabase.java:112) ~[hibernate-core-6.6.26.Final.jar:6.6.26.Final]
	at org.hibernate.tool.schema.internal.exec.GenerationTargetToDatabase.accept(GenerationTargetToDatabase.java:79) ~[hibernate-core-6.6.26.Final.jar:6.6.26.Final]
	at org.hibernate.tool.schema.internal.Helper.applySqlString(Helper.java:233) ~[hibernate-core-6.6.26.Final.jar:6.6.26.Final]
	at org.hibernate.tool.schema.internal.SchemaDropperImpl.dropFromMetadata(SchemaDropperImpl.java:213) ~[hibernate-core-6.6.26.Final.jar:6.6.26.Final]
	at org.hibernate.tool.schema.internal.SchemaDropperImpl.performDrop(SchemaDropperImpl.java:186) ~[hibernate-core-6.6.26.Final.jar:6.6.26.Final]
	at org.hibernate.tool.schema.internal.SchemaDropperImpl.doDrop(SchemaDropperImpl.java:156) ~[hibernate-core-6.6.26.Final.jar:6.6.26.Final]
	at org.hibernate.tool.schema.internal.SchemaDropperImpl.doDrop(SchemaDropperImpl.java:116) ~[hibernate-core-6.6.26.Final.jar:6.6.26.Final]
	at org.hibernate.tool.schema.spi.SchemaManagementToolCoordinator.performDatabaseAction(SchemaManagementToolCoordinator.java:238) ~[hibernate-core-6.6.26.Final.jar:6.6.26.Final]
	at org.hibernate.tool.schema.spi.SchemaManagementToolCoordinator.lambda$process$5(SchemaManagementToolCoordinator.java:144) ~[hibernate-core-6.6.26.Final.jar:6.6.26.Final]
	at java.base/java.util.HashMap.forEach(HashMap.java:1429) ~[na:na]
	at org.hibernate.tool.schema.spi.SchemaManagementToolCoordinator.process(SchemaManagementToolCoordinator.java:141) ~[hibernate-core-6.6.26.Final.jar:6.6.26.Final]
	at org.hibernate.boot.internal.SessionFactoryObserverForSchemaExport.sessionFactoryCreated(SessionFactoryObserverForSchemaExport.java:37) ~[hibernate-core-6.6.26.Final.jar:6.6.26.Final]
	at org.hibernate.internal.SessionFactoryObserverChain.sessionFactoryCreated(SessionFactoryObserverChain.java:35) ~[hibernate-core-6.6.26.Final.jar:6.6.26.Final]
	at org.hibernate.internal.SessionFactoryImpl.<init>(SessionFactoryImpl.java:324) ~[hibernate-core-6.6.26.Final.jar:6.6.26.Final]
	at org.hibernate.boot.internal.SessionFactoryBuilderImpl.build(SessionFactoryBuilderImpl.java:463) ~[hibernate-core-6.6.26.Final.jar:6.6.26.Final]
	at org.hibernate.jpa.boot.internal.EntityManagerFactoryBuilderImpl.build(EntityManagerFactoryBuilderImpl.java:1517) ~[hibernate-core-6.6.26.Final.jar:6.6.26.Final]
	at org.springframework.orm.jpa.vendor.SpringHibernateJpaPersistenceProvider.createContainerEntityManagerFactory(SpringHibernateJpaPersistenceProvider.java:66) ~[spring-orm-6.2.10.jar:6.2.10]
	at org.springframework.orm.jpa.LocalContainerEntityManagerFactoryBean.createNativeEntityManagerFactory(LocalContainerEntityManagerFactoryBean.java:390) ~[spring-orm-6.2.10.jar:6.2.10]
	at org.springframework.orm.jpa.AbstractEntityManagerFactoryBean.buildNativeEntityManagerFactory(AbstractEntityManagerFactoryBean.java:419) ~[spring-orm-6.2.10.jar:6.2.10]
	... 103 common frames omitted
Caused by: org.postgresql.util.PSQLException: Connection to localhost:5432 refused. Check that the hostname and port are correct and that the postmaster is accepting TCP/IP connections.
	at org.postgresql.core.v3.ConnectionFactoryImpl.openConnectionImpl(ConnectionFactoryImpl.java:373) ~[postgresql-42.7.7.jar:42.7.7]
	at org.postgresql.core.ConnectionFactory.openConnection(ConnectionFactory.java:57) ~[postgresql-42.7.7.jar:42.7.7]
	at org.postgresql.jdbc.PgConnection.<init>(PgConnection.java:277) ~[postgresql-42.7.7.jar:42.7.7]
	at org.postgresql.Driver.makeConnection(Driver.java:448) ~[postgresql-42.7.7.jar:42.7.7]
	at org.postgresql.Driver.connect(Driver.java:298) ~[postgresql-42.7.7.jar:42.7.7]
	at com.zaxxer.hikari.util.DriverDataSource.getConnection(DriverDataSource.java:144) ~[HikariCP-6.3.2.jar:na]
	at com.zaxxer.hikari.pool.PoolBase.newConnection(PoolBase.java:370) ~[HikariCP-6.3.2.jar:na]
	at com.zaxxer.hikari.pool.PoolBase.newPoolEntry(PoolBase.java:207) ~[HikariCP-6.3.2.jar:na]
	at com.zaxxer.hikari.pool.HikariPool.createPoolEntry(HikariPool.java:488) ~[HikariCP-6.3.2.jar:na]
	at com.zaxxer.hikari.pool.HikariPool.checkFailFast(HikariPool.java:576) ~[HikariCP-6.3.2.jar:na]
	at com.zaxxer.hikari.pool.HikariPool.<init>(HikariPool.java:97) ~[HikariCP-6.3.2.jar:na]
	at com.zaxxer.hikari.HikariDataSource.getConnection(HikariDataSource.java:111) ~[HikariCP-6.3.2.jar:na]
	at org.hibernate.engine.jdbc.connections.internal.DatasourceConnectionProviderImpl.getConnection(DatasourceConnectionProviderImpl.java:126) ~[hibernate-core-6.6.26.Final.jar:6.6.26.Final]
	at org.hibernate.engine.jdbc.env.internal.JdbcEnvironmentInitiator$ConnectionProviderJdbcConnectionAccess.obtainConnection(JdbcEnvironmentInitiator.java:485) ~[hibernate-core-6.6.26.Final.jar:6.6.26.Final]
	at org.hibernate.resource.transaction.backend.jdbc.internal.DdlTransactionIsolatorNonJtaImpl.getIsolatedConnection(DdlTransactionIsolatorNonJtaImpl.java:46) ~[hibernate-core-6.6.26.Final.jar:6.6.26.Final]
	... 123 common frames omitted
Caused by: java.net.ConnectException: Connection refused
	at java.base/sun.nio.ch.Net.pollConnect(Native Method) ~[na:na]
	at java.base/sun.nio.ch.Net.pollConnectNow(Net.java:694) ~[na:na]
	at java.base/sun.nio.ch.NioSocketImpl.timedFinishConnect(NioSocketImpl.java:542) ~[na:na]
	at java.base/sun.nio.ch.NioSocketImpl.connect(NioSocketImpl.java:592) ~[na:na]
	at java.base/java.net.SocksSocketImpl.connect(SocksSocketImpl.java:327) ~[na:na]
	at java.base/java.net.Socket.connect(Socket.java:751) ~[na:na]
	at org.postgresql.core.PGStream.createSocket(PGStream.java:261) ~[postgresql-42.7.7.jar:42.7.7]
	at org.postgresql.core.PGStream.<init>(PGStream.java:122) ~[postgresql-42.7.7.jar:42.7.7]
	at org.postgresql.core.v3.ConnectionFactoryImpl.tryConnect(ConnectionFactoryImpl.java:146) ~[postgresql-42.7.7.jar:42.7.7]
	at org.postgresql.core.v3.ConnectionFactoryImpl.openConnectionImpl(ConnectionFactoryImpl.java:289) ~[postgresql-42.7.7.jar:42.7.7]
	... 137 common frames omitted

[ERROR] Tests run: 1, Failures: 0, Errors: 1, Skipped: 0, Time elapsed: 4.996 s <<< FAILURE! -- in com.complex.auction.BackendApplicationTests
[ERROR] com.complex.auction.BackendApplicationTests.contextLoads -- Time elapsed: 0.011 s <<< ERROR!
java.lang.IllegalStateException: Failed to load ApplicationContext for [WebMergedContextConfiguration@3e4ead73 testClass = com.complex.auction.BackendApplicationTests, locations = [], classes = [com.complex.auction.BackendApplication], contextInitializerClasses = [], activeProfiles = [], propertySourceDescriptors = [], propertySourceProperties = ["org.springframework.boot.test.context.SpringBootTestContextBootstrapper=true"], contextCustomizers = [org.springframework.boot.test.context.filter.ExcludeFilterContextCustomizer@24c1b2d2, org.springframework.boot.test.json.DuplicateJsonObjectContextCustomizerFactory$DuplicateJsonObjectContextCustomizer@465232e9, org.springframework.boot.test.mock.mockito.MockitoContextCustomizer@0, org.springframework.boot.test.web.client.TestRestTemplateContextCustomizer@49b2a47d, org.springframework.boot.test.web.reactor.netty.DisableReactorResourceFactoryGlobalResourcesContextCustomizerFactory$DisableReactorResourceFactoryGlobalResourcesContextCustomizerCustomizer@730d2164, org.springframework.boot.test.autoconfigure.OnFailureConditionReportContextCustomizerFactory$OnFailureConditionReportContextCustomizer@5c86dbc5, org.springframework.boot.test.autoconfigure.actuate.observability.ObservabilityContextCustomizerFactory$DisableObservabilityContextCustomizer@1f, org.springframework.boot.test.autoconfigure.properties.PropertyMappingContextCustomizer@0, org.springframework.boot.test.autoconfigure.web.servlet.WebDriverContextCustomizer@2c78324b, org.springframework.test.context.support.DynamicPropertiesContextCustomizer@0, org.springframework.boot.testcontainers.service.connection.ServiceConnectionContextCustomizer@0, org.springframework.boot.test.context.SpringBootTestAnnotation@fd24f600], resourceBasePath = "src/main/webapp", contextLoader = org.springframework.boot.test.context.SpringBootContextLoader, parent = null]
	at org.springframework.test.context.cache.DefaultCacheAwareContextLoaderDelegate.loadContext(DefaultCacheAwareContextLoaderDelegate.java:180)
	at org.springframework.test.context.support.DefaultTestContext.getApplicationContext(DefaultTestContext.java:130)
	at org.springframework.test.context.web.ServletTestExecutionListener.setUpRequestContextIfNecessary(ServletTestExecutionListener.java:200)
	at org.springframework.test.context.web.ServletTestExecutionListener.prepareTestInstance(ServletTestExecutionListener.java:139)
	at org.springframework.test.context.TestContextManager.prepareTestInstance(TestContextManager.java:260)
	at org.springframework.test.context.junit.jupiter.SpringExtension.postProcessTestInstance(SpringExtension.java:159)
	at java.base/java.util.stream.ForEachOps$ForEachOp$OfRef.accept(ForEachOps.java:184)
	at java.base/java.util.stream.ReferencePipeline$3$1.accept(ReferencePipeline.java:197)
	at java.base/java.util.stream.ReferencePipeline$2$1.accept(ReferencePipeline.java:179)
	at java.base/java.util.stream.ReferencePipeline$3$1.accept(ReferencePipeline.java:197)
	at java.base/java.util.ArrayList$ArrayListSpliterator.forEachRemaining(ArrayList.java:1708)
	at java.base/java.util.stream.AbstractPipeline.copyInto(AbstractPipeline.java:509)
	at java.base/java.util.stream.AbstractPipeline.wrapAndCopyInto(AbstractPipeline.java:499)
	at java.base/java.util.stream.ForEachOps$ForEachOp.evaluateSequential(ForEachOps.java:151)
	at java.base/java.util.stream.ForEachOps$ForEachOp$OfRef.evaluateSequential(ForEachOps.java:174)
	at java.base/java.util.stream.AbstractPipeline.evaluate(AbstractPipeline.java:234)
	at java.base/java.util.stream.ReferencePipeline.forEach(ReferencePipeline.java:596)
	at java.base/java.util.Optional.orElseGet(Optional.java:364)
	at java.base/java.util.ArrayList.forEach(ArrayList.java:1596)
	at java.base/java.util.ArrayList.forEach(ArrayList.java:1596)
Caused by: org.springframework.beans.factory.BeanCreationException: Error creating bean with name 'entityManagerFactory' defined in class path resource [org/springframework/boot/autoconfigure/orm/jpa/HibernateJpaConfiguration.class]: [PersistenceUnit: default] Unable to build Hibernate SessionFactory; nested exception is org.hibernate.exception.JDBCConnectionException: Unable to open JDBC Connection for DDL execution [Connection to localhost:5432 refused. Check that the hostname and port are correct and that the postmaster is accepting TCP/IP connections.] [n/a]
	at org.springframework.beans.factory.support.AbstractAutowireCapableBeanFactory.initializeBean(AbstractAutowireCapableBeanFactory.java:1826)
	at org.springframework.beans.factory.support.AbstractAutowireCapableBeanFactory.doCreateBean(AbstractAutowireCapableBeanFactory.java:607)
	at org.springframework.beans.factory.support.AbstractAutowireCapableBeanFactory.createBean(AbstractAutowireCapableBeanFactory.java:529)
	at org.springframework.beans.factory.support.AbstractBeanFactory.lambda$doGetBean$0(AbstractBeanFactory.java:339)
	at org.springframework.beans.factory.support.DefaultSingletonBeanRegistry.getSingleton(DefaultSingletonBeanRegistry.java:373)
	at org.springframework.beans.factory.support.AbstractBeanFactory.doGetBean(AbstractBeanFactory.java:337)
	at org.springframework.beans.factory.support.AbstractBeanFactory.getBean(AbstractBeanFactory.java:207)
	at org.springframework.context.support.AbstractApplicationContext.finishBeanFactoryInitialization(AbstractApplicationContext.java:970)
	at org.springframework.context.support.AbstractApplicationContext.refresh(AbstractApplicationContext.java:627)
	at org.springframework.boot.SpringApplication.refresh(SpringApplication.java:752)
	at org.springframework.boot.SpringApplication.refreshContext(SpringApplication.java:439)
	at org.springframework.boot.SpringApplication.run(SpringApplication.java:318)
	at org.springframework.boot.test.context.SpringBootContextLoader.lambda$loadContext$3(SpringBootContextLoader.java:144)
	at org.springframework.util.function.ThrowingSupplier.get(ThrowingSupplier.java:58)
	at org.springframework.util.function.ThrowingSupplier.get(ThrowingSupplier.java:46)
	at org.springframework.boot.SpringApplication.withHook(SpringApplication.java:1461)
	at org.springframework.boot.test.context.SpringBootContextLoader$ContextLoaderHook.run(SpringBootContextLoader.java:563)
	at org.springframework.boot.test.context.SpringBootContextLoader.loadContext(SpringBootContextLoader.java:144)
	at org.springframework.boot.test.context.SpringBootContextLoader.loadContext(SpringBootContextLoader.java:110)
	at org.springframework.test.context.cache.DefaultCacheAwareContextLoaderDelegate.loadContextInternal(DefaultCacheAwareContextLoaderDelegate.java:225)
	at org.springframework.test.context.cache.DefaultCacheAwareContextLoaderDelegate.loadContext(DefaultCacheAwareContextLoaderDelegate.java:152)
	... 19 more
Caused by: jakarta.persistence.PersistenceException: [PersistenceUnit: default] Unable to build Hibernate SessionFactory; nested exception is org.hibernate.exception.JDBCConnectionException: Unable to open JDBC Connection for DDL execution [Connection to localhost:5432 refused. Check that the hostname and port are correct and that the postmaster is accepting TCP/IP connections.] [n/a]
	at org.springframework.orm.jpa.AbstractEntityManagerFactoryBean.buildNativeEntityManagerFactory(AbstractEntityManagerFactoryBean.java:431)
	at org.springframework.orm.jpa.AbstractEntityManagerFactoryBean.afterPropertiesSet(AbstractEntityManagerFactoryBean.java:400)
	at org.springframework.orm.jpa.LocalContainerEntityManagerFactoryBean.afterPropertiesSet(LocalContainerEntityManagerFactoryBean.java:366)
	at org.springframework.beans.factory.support.AbstractAutowireCapableBeanFactory.invokeInitMethods(AbstractAutowireCapableBeanFactory.java:1873)
	at org.springframework.beans.factory.support.AbstractAutowireCapableBeanFactory.initializeBean(AbstractAutowireCapableBeanFactory.java:1822)
	... 39 more
Caused by: org.hibernate.exception.JDBCConnectionException: Unable to open JDBC Connection for DDL execution [Connection to localhost:5432 refused. Check that the hostname and port are correct and that the postmaster is accepting TCP/IP connections.] [n/a]
	at org.hibernate.exception.internal.SQLStateConversionDelegate.convert(SQLStateConversionDelegate.java:100)
	at org.hibernate.exception.internal.StandardSQLExceptionConverter.convert(StandardSQLExceptionConverter.java:58)
	at org.hibernate.engine.jdbc.spi.SqlExceptionHelper.convert(SqlExceptionHelper.java:108)
	at org.hibernate.engine.jdbc.spi.SqlExceptionHelper.convert(SqlExceptionHelper.java:94)
	at org.hibernate.resource.transaction.backend.jdbc.internal.DdlTransactionIsolatorNonJtaImpl.getIsolatedConnection(DdlTransactionIsolatorNonJtaImpl.java:74)
	at org.hibernate.tool.schema.internal.exec.GenerationTargetToDatabase.getIsolatedConnection(GenerationTargetToDatabase.java:60)
	at org.hibernate.tool.schema.internal.exec.GenerationTargetToDatabase.jdbcStatement(GenerationTargetToDatabase.java:112)
	at org.hibernate.tool.schema.internal.exec.GenerationTargetToDatabase.accept(GenerationTargetToDatabase.java:79)
	at org.hibernate.tool.schema.internal.Helper.applySqlString(Helper.java:233)
	at org.hibernate.tool.schema.internal.SchemaDropperImpl.dropFromMetadata(SchemaDropperImpl.java:213)
	at org.hibernate.tool.schema.internal.SchemaDropperImpl.performDrop(SchemaDropperImpl.java:186)
	at org.hibernate.tool.schema.internal.SchemaDropperImpl.doDrop(SchemaDropperImpl.java:156)
	at org.hibernate.tool.schema.internal.SchemaDropperImpl.doDrop(SchemaDropperImpl.java:116)
	at org.hibernate.tool.schema.spi.SchemaManagementToolCoordinator.performDatabaseAction(SchemaManagementToolCoordinator.java:238)
	at org.hibernate.tool.schema.spi.SchemaManagementToolCoordinator.lambda$process$5(SchemaManagementToolCoordinator.java:144)
	at java.base/java.util.HashMap.forEach(HashMap.java:1429)
	at org.hibernate.tool.schema.spi.SchemaManagementToolCoordinator.process(SchemaManagementToolCoordinator.java:141)
	at org.hibernate.boot.internal.SessionFactoryObserverForSchemaExport.sessionFactoryCreated(SessionFactoryObserverForSchemaExport.java:37)
	at org.hibernate.internal.SessionFactoryObserverChain.sessionFactoryCreated(SessionFactoryObserverChain.java:35)
	at org.hibernate.internal.SessionFactoryImpl.<init>(SessionFactoryImpl.java:324)
	at org.hibernate.boot.internal.SessionFactoryBuilderImpl.build(SessionFactoryBuilderImpl.java:463)
	at org.hibernate.jpa.boot.internal.EntityManagerFactoryBuilderImpl.build(EntityManagerFactoryBuilderImpl.java:1517)
	at org.springframework.orm.jpa.vendor.SpringHibernateJpaPersistenceProvider.createContainerEntityManagerFactory(SpringHibernateJpaPersistenceProvider.java:66)
	at org.springframework.orm.jpa.LocalContainerEntityManagerFactoryBean.createNativeEntityManagerFactory(LocalContainerEntityManagerFactoryBean.java:390)
	at org.springframework.orm.jpa.AbstractEntityManagerFactoryBean.buildNativeEntityManagerFactory(AbstractEntityManagerFactoryBean.java:419)
	... 43 more
Caused by: org.postgresql.util.PSQLException: Connection to localhost:5432 refused. Check that the hostname and port are correct and that the postmaster is accepting TCP/IP connections.
	at org.postgresql.core.v3.ConnectionFactoryImpl.openConnectionImpl(ConnectionFactoryImpl.java:373)
	at org.postgresql.core.ConnectionFactory.openConnection(ConnectionFactory.java:57)
	at org.postgresql.jdbc.PgConnection.<init>(PgConnection.java:277)
	at org.postgresql.Driver.makeConnection(Driver.java:448)
	at org.postgresql.Driver.connect(Driver.java:298)
	at com.zaxxer.hikari.util.DriverDataSource.getConnection(DriverDataSource.java:144)
	at com.zaxxer.hikari.pool.PoolBase.newConnection(PoolBase.java:370)
	at com.zaxxer.hikari.pool.PoolBase.newPoolEntry(PoolBase.java:207)
	at com.zaxxer.hikari.pool.HikariPool.createPoolEntry(HikariPool.java:488)
	at com.zaxxer.hikari.pool.HikariPool.checkFailFast(HikariPool.java:576)
	at com.zaxxer.hikari.pool.HikariPool.<init>(HikariPool.java:97)
	at com.zaxxer.hikari.HikariDataSource.getConnection(HikariDataSource.java:111)
	at org.hibernate.engine.jdbc.connections.internal.DatasourceConnectionProviderImpl.getConnection(DatasourceConnectionProviderImpl.java:126)
	at org.hibernate.engine.jdbc.env.internal.JdbcEnvironmentInitiator$ConnectionProviderJdbcConnectionAccess.obtainConnection(JdbcEnvironmentInitiator.java:485)
	at org.hibernate.resource.transaction.backend.jdbc.internal.DdlTransactionIsolatorNonJtaImpl.getIsolatedConnection(DdlTransactionIsolatorNonJtaImpl.java:46)
	... 63 more
Caused by: java.net.ConnectException: Connection refused
	at java.base/sun.nio.ch.Net.pollConnect(Native Method)
	at java.base/sun.nio.ch.Net.pollConnectNow(Net.java:694)
	at java.base/sun.nio.ch.NioSocketImpl.timedFinishConnect(NioSocketImpl.java:542)
	at java.base/sun.nio.ch.NioSocketImpl.connect(NioSocketImpl.java:592)
	at java.base/java.net.SocksSocketImpl.connect(SocksSocketImpl.java:327)
	at java.base/java.net.Socket.connect(Socket.java:751)
	at org.postgresql.core.PGStream.createSocket(PGStream.java:261)
	at org.postgresql.core.PGStream.<init>(PGStream.java:122)
	at org.postgresql.core.v3.ConnectionFactoryImpl.tryConnect(ConnectionFactoryImpl.java:146)
	at org.postgresql.core.v3.ConnectionFactoryImpl.openConnectionImpl(ConnectionFactoryImpl.java:289)
	... 77 more

[DEBUG] Closing the fork 1 after saying GoodBye.
[INFO] 
[INFO] Results:
[INFO] 
[ERROR] Errors: 
[ERROR]   BackendApplicationTests.contextLoads » IllegalState Failed to load ApplicationContext for [WebMergedContextConfiguration@3e4ead73 testClass = com.complex.auction.BackendApplicationTests, locations = [], classes = [com.complex.auction.BackendApplication], contextInitializerClasses = [], activeProfiles = [], propertySourceDescriptors = [], propertySourceProperties = ["org.springframework.boot.test.context.SpringBootTestContextBootstrapper=true"], contextCustomizers = [org.springframework.boot.test.context.filter.ExcludeFilterContextCustomizer@24c1b2d2, org.springframework.boot.test.json.DuplicateJsonObjectContextCustomizerFactory$DuplicateJsonObjectContextCustomizer@465232e9, org.springframework.boot.test.mock.mockito.MockitoContextCustomizer@0, org.springframework.boot.test.web.client.TestRestTemplateContextCustomizer@49b2a47d, org.springframework.boot.test.web.reactor.netty.DisableReactorResourceFactoryGlobalResourcesContextCustomizerFactory$DisableReactorResourceFactoryGlobalResourcesContextCustomizerCustomizer@730d2164, org.springframework.boot.test.autoconfigure.OnFailureConditionReportContextCustomizerFactory$OnFailureConditionReportContextCustomizer@5c86dbc5, org.springframework.boot.test.autoconfigure.actuate.observability.ObservabilityContextCustomizerFactory$DisableObservabilityContextCustomizer@1f, org.springframework.boot.test.autoconfigure.properties.PropertyMappingContextCustomizer@0, org.springframework.boot.test.autoconfigure.web.servlet.WebDriverContextCustomizer@2c78324b, org.springframework.test.context.support.DynamicPropertiesContextCustomizer@0, org.springframework.boot.testcontainers.service.connection.ServiceConnectionContextCustomizer@0, org.springframework.boot.test.context.SpringBootTestAnnotation@fd24f600], resourceBasePath = "src/main/webapp", contextLoader = org.springframework.boot.test.context.SpringBootContextLoader, parent = null]
[INFO] 
[ERROR] Tests run: 1, Failures: 0, Errors: 1, Skipped: 0
[INFO] 
[INFO] ------------------------------------------------------------------------
[INFO] BUILD FAILURE
[INFO] ------------------------------------------------------------------------
[INFO] Total time:  7.419 s
[INFO] Finished at: 2026-06-28T16:34:28-04:00
[INFO] ------------------------------------------------------------------------
[ERROR] Failed to execute goal org.apache.maven.plugins:maven-surefire-plugin:3.5.3:test (default-test) on project auction: 
[ERROR] 
[ERROR] See /home/complex/projects/Auction_Project/backend/target/surefire-reports for the individual test results.
[ERROR] See dump files (if any exist) [date].dump, [date]-jvmRun[N].dump and [date].dumpstream.
[ERROR] -> [Help 1]
org.apache.maven.lifecycle.LifecycleExecutionException: Failed to execute goal org.apache.maven.plugins:maven-surefire-plugin:3.5.3:test (default-test) on project auction: 

See /home/complex/projects/Auction_Project/backend/target/surefire-reports for the individual test results.
See dump files (if any exist) [date].dump, [date]-jvmRun[N].dump and [date].dumpstream.
    at org.apache.maven.lifecycle.internal.MojoExecutor.doExecute2 (MojoExecutor.java:333)
    at org.apache.maven.lifecycle.internal.MojoExecutor.doExecute (MojoExecutor.java:316)
    at org.apache.maven.lifecycle.internal.MojoExecutor.execute (MojoExecutor.java:212)
    at org.apache.maven.lifecycle.internal.MojoExecutor.execute (MojoExecutor.java:174)
    at org.apache.maven.lifecycle.internal.MojoExecutor.access$000 (MojoExecutor.java:75)
    at org.apache.maven.lifecycle.internal.MojoExecutor$1.run (MojoExecutor.java:162)
    at org.apache.maven.plugin.DefaultMojosExecutionStrategy.execute (DefaultMojosExecutionStrategy.java:39)
    at org.apache.maven.lifecycle.internal.MojoExecutor.execute (MojoExecutor.java:159)
    at org.apache.maven.lifecycle.internal.LifecycleModuleBuilder.buildProject (LifecycleModuleBuilder.java:105)
    at org.apache.maven.lifecycle.internal.LifecycleModuleBuilder.buildProject (LifecycleModuleBuilder.java:73)
    at org.apache.maven.lifecycle.internal.builder.singlethreaded.SingleThreadedBuilder.build (SingleThreadedBuilder.java:53)
    at org.apache.maven.lifecycle.internal.LifecycleStarter.execute (LifecycleStarter.java:118)
    at org.apache.maven.DefaultMaven.doExecute (DefaultMaven.java:261)
    at org.apache.maven.DefaultMaven.doExecute (DefaultMaven.java:173)
    at org.apache.maven.DefaultMaven.execute (DefaultMaven.java:101)
    at org.apache.maven.cli.MavenCli.execute (MavenCli.java:906)
    at org.apache.maven.cli.MavenCli.doMain (MavenCli.java:283)
    at org.apache.maven.cli.MavenCli.main (MavenCli.java:206)
    at jdk.internal.reflect.DirectMethodHandleAccessor.invoke (DirectMethodHandleAccessor.java:103)
    at java.lang.reflect.Method.invoke (Method.java:580)
    at org.codehaus.plexus.classworlds.launcher.Launcher.launchEnhanced (Launcher.java:255)
    at org.codehaus.plexus.classworlds.launcher.Launcher.launch (Launcher.java:201)
    at org.codehaus.plexus.classworlds.launcher.Launcher.mainWithExitCode (Launcher.java:361)
    at org.codehaus.plexus.classworlds.launcher.Launcher.main (Launcher.java:314)
Caused by: org.apache.maven.plugin.MojoFailureException: 

See /home/complex/projects/Auction_Project/backend/target/surefire-reports for the individual test results.
See dump files (if any exist) [date].dump, [date]-jvmRun[N].dump and [date].dumpstream.
    at org.apache.maven.plugin.surefire.SurefireHelper.throwException (SurefireHelper.java:247)
    at org.apache.maven.plugin.surefire.SurefireHelper.reportExecution (SurefireHelper.java:159)
    at org.apache.maven.plugin.surefire.SurefireMojo.handleSummary (SurefireMojo.java:547)
    at org.apache.maven.plugin.surefire.AbstractSurefireMojo.executeAfterPreconditionsChecked (AbstractSurefireMojo.java:1147)
    at org.apache.maven.plugin.surefire.AbstractSurefireMojo.execute (AbstractSurefireMojo.java:969)
    at org.apache.maven.plugin.DefaultBuildPluginManager.executeMojo (DefaultBuildPluginManager.java:126)
    at org.apache.maven.lifecycle.internal.MojoExecutor.doExecute2 (MojoExecutor.java:328)
    at org.apache.maven.lifecycle.internal.MojoExecutor.doExecute (MojoExecutor.java:316)
    at org.apache.maven.lifecycle.internal.MojoExecutor.execute (MojoExecutor.java:212)
    at org.apache.maven.lifecycle.internal.MojoExecutor.execute (MojoExecutor.java:174)
    at org.apache.maven.lifecycle.internal.MojoExecutor.access$000 (MojoExecutor.java:75)
    at org.apache.maven.lifecycle.internal.MojoExecutor$1.run (MojoExecutor.java:162)
    at org.apache.maven.plugin.DefaultMojosExecutionStrategy.execute (DefaultMojosExecutionStrategy.java:39)
    at org.apache.maven.lifecycle.internal.MojoExecutor.execute (MojoExecutor.java:159)
    at org.apache.maven.lifecycle.internal.LifecycleModuleBuilder.buildProject (LifecycleModuleBuilder.java:105)
    at org.apache.maven.lifecycle.internal.LifecycleModuleBuilder.buildProject (LifecycleModuleBuilder.java:73)
    at org.apache.maven.lifecycle.internal.builder.singlethreaded.SingleThreadedBuilder.build (SingleThreadedBuilder.java:53)
    at org.apache.maven.lifecycle.internal.LifecycleStarter.execute (LifecycleStarter.java:118)
    at org.apache.maven.DefaultMaven.doExecute (DefaultMaven.java:261)
    at org.apache.maven.DefaultMaven.doExecute (DefaultMaven.java:173)
    at org.apache.maven.DefaultMaven.execute (DefaultMaven.java:101)
    at org.apache.maven.cli.MavenCli.execute (MavenCli.java:906)
    at org.apache.maven.cli.MavenCli.doMain (MavenCli.java:283)
    at org.apache.maven.cli.MavenCli.main (MavenCli.java:206)
    at jdk.internal.reflect.DirectMethodHandleAccessor.invoke (DirectMethodHandleAccessor.java:103)
    at java.lang.reflect.Method.invoke (Method.java:580)
    at org.codehaus.plexus.classworlds.launcher.Launcher.launchEnhanced (Launcher.java:255)
    at org.codehaus.plexus.classworlds.launcher.Launcher.launch (Launcher.java:201)
    at org.codehaus.plexus.classworlds.launcher.Launcher.mainWithExitCode (Launcher.java:361)
    at org.codehaus.plexus.classworlds.launcher.Launcher.main (Launcher.java:314)
[ERROR] 
[ERROR] 
[ERROR] For more information about the errors and possible solutions, please read the following articles:
[ERROR] [Help 1] http://cwiki.apache.org/confluence/display/MAVEN/MojoFailureException
[DEBUG] Shutting down adapter factory; available factories [file-lock, rwlock-local, semaphore-local, noop]; available name mappers [discriminating, file-gav, file-hgav, file-static, gav, static]
[DEBUG] Shutting down 'file-lock' factory
[DEBUG] Shutting down 'rwlock-local' factory
[DEBUG] Shutting down 'semaphore-local' factory
[DEBUG] Shutting down 'noop' factory
